iid	sex	age	PC1	PC2	PC3	PC4	PC5	PC6
691_692	0	66	-0.0119069	-3.85135e-4	0.0137538	-0.0195596	-0.0248901	0.00982051
693_694	1	88	0.0155524	0.0142261	-0.00798635	-0.0180714	-0.0254773	0.0482558
688_689	0	66	0.0590689	0.018396	-0.08133	-0.0466154	0.0253901	0.084852
683_684	0	78	-0.00546305	-0.00238968	-5.76745e-4	-0.00756667	-0.0228901	7.04959e-5
684_685	1	75	0.00406935	-0.0174145	0.0191665	0.0174039	0.0237432	-5.26182e-4
686_687	0	69	0.0678609	0.00145193	-0.0297468	-0.0313233	0.0329481	0.0435946
689_690	0	59	0.00776187	0.016982	-0.033197	0.0152589	-0.0409407	0.030593
687_688	1	63	-0.0197998	0.0336337	0.019143	-0.0153279	-0.0395374	0.00716731
690_691	0	68	-0.0350661	-0.0257963	-0.0109623	-0.0137132	0.0106768	0.0185996
685_686	1	75	0.0235167	-0.0190964	0.00430494	0.00121843	-0.0336675	-0.0108451
692_693	1	62	-0.0208862	0.0312086	0.00751093	0.00924034	3.10086e-4	-0.00153168
682_683	0	73	-0.00682209	-0.00365544	-0.0171183	-0.0311756	-0.00297504	0.0103609
825_826	1	65	-0.00401692	0.0214221	-0.0206453	-0.00457261	-0.00849885	0.00185149
823_824	1	75	-0.0307401	0.068123	0.111481	-0.0560803	-0.00719822	-0.0543395
829_830	0	66	-0.0084811	0.00703918	5.92048e-4	-0.0141304	-0.00726906	0.0302362
832_833	1	71	0.0490409	0.0201405	0.00234356	-0.0241749	-0.0326117	-0.0225849
831_832	1	68	-0.00261554	0.0130945	-0.0144745	-0.0130616	0.0279118	-0.00224686
827_828	0	71	-0.00125598	-0.00302693	-0.0469192	-0.0285109	-0.0192523	0.00120701
830_831	1	68	-0.0178014	-0.0169965	0.0070618	0.00871775	0.0436917	-0.0405092
824_825	0	66	-0.0114605	-0.00454349	-0.0156319	-0.0124657	0.025376	0.00779137
842_843	1	75	-0.0172061	-0.0365812	6.71812e-4	-0.0265322	0.0260694	-0.0145073
843_844	0	62	-0.00551415	-0.0357016	0.00423828	-0.0170235	0.0204912	-0.0148577
826_827	1	69	0.0183947	0.0227149	-0.0496585	-0.0436876	-0.0109724	0.0159165
847_848	1	74	0.0114476	0.00962493	-0.0208274	0.0206626	0.033687	0.0208058
836_837	0	72	-0.0249484	-0.0191691	0.00917999	-0.00398323	0.0129704	0.0218206
990_991	1	69	-0.0221625	-0.0197385	0.059453400000000003	-0.00175701	-0.0173176	-0.0544507
835_836	1	64	-0.0374713	-0.0305918	-0.0200401	-0.029458	0.0211448	0.0109688
848_849	1	84	0.00347272	-0.00919436	-3.09175e-4	-0.0459882	-0.0307769	0.010844
989_990	0	61	-0.017905	-0.0188424	9.5779e-4	-0.00709495	-0.00792313	0.0138035
997_998	0	68	-0.002971	-0.00665054	0.0290104	-0.0236158	0.00306626	-0.0510105
834_835	0	64	0.0132135	-0.0114114	-0.0187779	-0.00462882	0.0141407	0.0406461
849_850	1	81	0.00183983	-0.0276233	-0.0257957	-0.00755697	-5.49951e-4	0.0065243
985_986	1	76	0.00618192	0.00770378	-0.0154747	-0.0267524	0.0411371	-0.00978697
851_852	1	66	0.013363	0.0140511	-0.0115339	-0.00131528	-0.016914	0.0114519
845_846	0	81	0.0651359	-0.0194497	0.0355863	-0.0157391	0.0166201	-0.00729235
850_851	0	64	-0.00780551	0.00584799	1.83316e-4	-6.65579e-4	-0.0422449	0.0259861
846_847	1	77	0.00788635	0.00947165	-2.1414e-4	-0.0284554	-0.0237548	-0.00641233
852_853	1	65	4.03567e-4	0.0274746	0.00782389	-0.00409798	-0.00499722	0.0338636
999_1000	1	62	0.00363466	-0.0104828	-0.0255185	-0.0164754	-0.041915	-0.00592052
996_997	1	68	-0.0265286	-0.026375	0.00232559	-0.0183203	0.0252827	-0.0323941
995_996	1	71	-0.0457851	-0.057524	0.0347755	-0.0359734	-0.0167933	-0.0219305
812_813	1	51	-0.00403757	-0.0504574	-0.0511603	0.0145883	-0.012123	-0.0326028
994_995	1	66	0.222211	0.00431688	0.0724796	0.0198408	-0.00412121	-0.0726999
991_992	1	76	-0.0448934	-0.0155098	0.0371404	0.00901104	-0.0186834	-0.0245703
992_993	1	63	-0.0185771	0.00635496	0.0164548	0.0223393	-0.0111381	-0.039701
998_999	0	71	-0.00796489	3.46966e-5	0.0233916	-0.0274258	0.0285439	-0.0119927
811_812	0	50	0.0168403	0.00120493	-0.0250186	0.0182431	-0.00814911	-0.0132419
810_811	1	77	-0.0157893	-0.0254731	0.00583993	0.0120339	0.00417122	0.0247884
986_987	0	69	0.0165359	0.00650898	0.00737466	-0.0295391	-0.0169725	-0.0570107
993_994	0	69	-0.0183459	-0.00116753	0.050515	0.0376547	-0.00696725	-0.0428345
857_858	1	59	-0.0170488	-0.00493719	-0.0120033	-0.0136273	0.0407901	0.039912
1003_1004	1	58	-0.00688537	-0.0287893	0.0086376	0.0131154	0.0297405	-0.030509
1002_1003	0	73	0.00530499	-0.0166916	-0.0101854	0.00912747	-0.00460169	0.0201364
854_855	0	74	0.00174708	-0.00724666	0.00869281	-0.0140973	0.0428955	-0.00338475
855_856	1	22	0.023245	0.00969384	-0.00524354	-0.0209793	0.00475921	-0.00750716
1004_1005	1	74	0.0198095	-0.0313704	-0.00437229	0.00978609	0.0125704	0.0057604
858_859	1	53	-0.0132352	-0.0290629	-0.00430068	0.0341394	-0.00872399	-0.00233043
1000_1001	1	73	2.26558e-4	0.0284694	-0.0417661	-0.0614678	0.00326699	0.0871559
1001_1002	1	57	-0.0389405	8.65259e-4	0.0156458	-0.0170723	-0.00532315	-0.0256894
987_988	1	74	0.0216965	-0.0104485	0.0137524	-0.00996679	-0.0443983	-0.0100546
856_857	1	60	-0.00452819	-0.0120012	-0.00936205	0.0341239	-0.0182683	-0.0196397
853_854	1	59	-0.00944727	-0.00435245	-0.00439795	0.0168722	-0.0236717	-0.0110052
988_989	1	81	-0.00346525	-0.0165478	-0.0298908	0.00351257	0.0181371	-0.0297264
859_860	1	46	-0.0215303	-0.0137603	-0.00435378	-0.00548029	0.0208516	0.00457325
802_803	0	70	0.0927223	-0.0174253	0.00831365	0.00142278	-0.0072509	-0.0311729
804_805	0	53	0.0551377	0.00900516	-0.057618	-0.0725355	0.00127276	0.0716218
891_892	1	57	0.0619257	-5.83804e-4	0.0377491	0.0109643	0.0466799	-0.0292882
865_866	1	66	0.249827	-0.0171735	0.108576	-0.0228902	0.0460321	-0.0387155
1007_1008	1	75	0.00944078	-0.0379484	-0.00335141	-0.00606164	0.0370474	0.0418777
861_862	1	67	0.0207204	0.0255404	-0.0032772	0.0357572	-2.40062e-4	0.0026631
862_863	1	45	0.233092	-0.0261276	0.0713851	0.0463903	0.0152018	-0.0436561
860_861	1	49	-0.0105515	-0.0206206	-0.0080656	0.00766677	0.0129391	-0.00739394
864_865	1	61	0.0110476	0.0101372	-0.0218928	-0.00108959	0.0066547	-0.0291611
1006_1007	0	73	0.00331943	0.0126989	-0.015976	-0.0170532	0.0146155	-0.0185549
803_804	1	54	-0.0200863	-0.00591082	0.0270204	0.0146553	0.0394536	-0.0251293
863_864	0	69	0.0120231	-0.00360911	-0.0360913	-0.039393	-0.0073129	0.0116904
890_891	1	65	-0.0148283	0.00743161	6.70574e-4	0.00405146	-0.0180864	-0.021025
1005_1006	0	66	-0.00991512	-0.00656486	-0.00725159	-0.00192122	-0.014992	-0.0129822
1009_1010	1	72	-0.0142489	-0.00918286	-0.0207285	0.0136272	-0.0274654	-0.0183073
805_806	0	57	-0.0205135	-0.0121357	0.0073896	0.0122573	-7.29069e-4	-0.0292772
1010_1011	1	71	-0.0354167	-0.0189801	0.0100345	0.0691458	-0.00439389	-0.0248732
1008_1009	0	71	0.00675431	0.0109273	0.0109036	0.0318052	0.00761453	0.011657
807_808	1	35	-0.013492	-0.0124737	-0.00360326	0.0313915	0.0332104	0.00162205
893_894	1	67	0.0337207	-0.00865606	-0.00842459	-0.0166317	0.00391938	0.0135748
806_807	0	49	-0.0188059	-0.0142032	0.0128501	0.0185134	-0.0123884	-0.00631328
892_893	1	79	-0.0171067	-0.0175906	0.0252193	0.0172563	-0.0096195	-0.0315953
1011_1012	1	67	0.011142	0.0320476	-0.0155839	-0.050109	0.00452702	0.0157456
1014_1015	1	70	-0.0200442	-3.52493e-4	0.00930731	-0.0213022	0.0348628	0.00420849
808_809	1	40	-0.00796461	0.0032001	6.54989e-4	0.00316109	0.01397	0.0349095
809_810	1	49	-0.00484586	-0.0359531	0.00325866	0.0518753	0.06085	-0.0231931
1012_1013	1	70	-0.00263443	-0.00497713	-0.0251858	0.0241597	-0.0227735	-0.0149961
1021_1022	1	75	-0.00366475	0.0162959	0.0207148	0.0133629	0.0148022	-0.0212643
1016_1017	0	68	-0.0375601	0.0113204	0.00150644	-0.0124921	-0.0414961	-0.0674927
1023_1024	1	60	-0.015681	0.0257843	-0.0320506	-0.00825997	-0.0579176	0.0431823
1018_1019	1	68	-0.0171703	-0.0369593	-0.0101485	0.0199747	-0.00121153	-0.0272866
898_899	1	63	-0.00989353	-0.020987	0.00383392	0.0478263	-0.0226415	-0.0111491
1019_1020	0	69	0.00467208	0.00261365	-0.0158937	-0.0107619	-0.00245819	-0.0028394
894_895	0	75	-0.00633803	-0.0134195	-0.0455842	7.98559e-4	-0.00907349	-0.0131278
899_900	1	91	-0.0214947	-0.00599576	-0.0379778	0.0455735	0.0481532	0.00718495
896_897	1	64	-0.00661063	-0.0130314	-0.010258	-0.00639713	0.01377	-0.0301448
1022_1023	1	68	6.79944e-4	-0.00697802	-0.0190221	-0.00933105	-0.00893939	0.0163332
900_901	1	77	0.00877781	0.0685844	0.00649979	0.0284562	0.0551026	0.113871
1015_1016	0	67	-0.0127512	-0.018979	-0.0202387	-0.011940600000000001	0.0125071	-0.0174907
1020_1021	1	80	-0.00457968	-0.0133272	0.0486394	0.00301176	-0.0158648	-0.0234894
901_902	0	21	-0.00108527	-0.00678302	-0.0267297	0.00930287	0.00990528	7.60622e-4
1031_1032	1	72	-0.00222451	-0.0082469	-0.0243186	-0.00566136	-0.0317101	0.0036944
1032_1033	0	59	-0.0180007	-0.0188929	-0.00631181	-0.00888641	-0.00607188	-0.00526849
1025_1026	1	57	0.0016015	-0.00727837	-0.00545736	-0.0196246	-0.0186432	0.0064081
1028_1029	1	72	0.00293688	-0.0198757	0.0258223	0.0101563	0.0211929	0.0341238
904_905	1	66	0.00249051	-0.0189162	0.0284384	0.0441668	-0.0168434	0.0212
1029_1030	1	72	-0.0194354	-0.0134186	-0.0637214	0.00970453	-0.018151	-0.0292618
905_906	1	56	0.00337395	0.0127273	-0.00279777	0.00543787	-0.050763	0.016544
903_904	1	66	0.0184518	0.0354101	0.019666199999999998	-0.0462459	-0.0164535	-0.0112704
1024_1025	1	70	0.0358012	0.0323057	-0.0774132	-0.0785143	0.0363099	0.0741492
1026_1027	1	75	0.00451813	-0.0117813	-0.0188437	-0.00282009	-0.0274635	-0.0669485
1027_1028	1	70	0.00213533	-0.00861758	-0.033114	0.00663096	0.0108659	0.0239362
1030_1031	0	60	0.0410473	-8.34491e-4	-0.0505594	-0.0618083	-0.012017	0.0944074
1033_1034	1	61	0.028062	0.0112986	0.012899	-2.41097e-4	-0.0246454	0.0109113
902_903	0	80	0.0149949	0.0194884	-0.015576	-0.0243782	0.0195338	-0.0116844
912_913	0	73	-0.0284464	-0.00507409	-0.00516866	-0.0496786	0.0207896	0.0214761
1036_1037	1	78	0.0786828	0.00358859	-0.0115275	-0.0258496	0.0169131	0.0307861
907_908	1	71	-0.0136053	-0.00239417	0.0280897	0.00565497	-0.0349522	-0.0113225
1039_1040	1	75	-0.0147512	-0.0140655	-0.0274421	-0.0534052	-0.00215046	0.0129109
911_912	1	65	-0.00425469	0.0163904	-0.0213464	0.00995394	0.0207939	-0.00968387
906_907	0	71	0.00583169	-0.00341357	0.0263414	0.063128	-0.0143252	0.0284961
909_910	1	63	-0.018011	-0.0146374	0.0475516	0.0242344	0.010467	-0.0325763
1038_1039	1	61	0.00920456	-0.032235	-0.0193494	0.0277394	-0.0246516	0.0178638
1037_1038	0	58	0.0934464	0.029438	0.0146617	-0.0262435	0.0217228	0.0574668
908_909	1	63	0.0148407	-0.00442879	-0.0292923	0.0959876	-0.0446744	0.088358
910_911	1	42	0.0308165	0.0132192	-0.0391301	-0.00928806	-0.0269488	0.0903647
1035_1036	1	70	-0.0027579	0.00323436	-0.00316131	0.0319484	0.0120027	-0.0187814
1040_1041	1	72	-0.0185324	-0.0138354	0.0491547	0.0427471	0.0152809	0.0193379
1034_1035	1	64	-0.0247272	-0.0283028	0.0411578	-0.0577688	0.0870573	-0.0565305
871_872	0	85	0.00857466	0.00480621	0.00248938	-0.0107059	-0.0298241	0.0293038
1042_1043	1	57	0.00610457	0.00842245	-0.0431475	-0.00386625	0.00344745	-0.0226705
868_869	1	87	0.0155244	0.00899044	-0.0492913	0.00318427	-0.0130624	0.00140092
872_873	1	81	0.00568004	0.00645198	-0.0235798	-0.00768252	0.0176272	0.0341738
915_916	1	73	-0.00851799	-0.00185267	-0.0472416	-0.0194022	0.0541313	-0.0108049
869_870	1	85	3.36975e-4	-0.00940164	-0.0294998	-0.0279698	0.0135029	-0.02036
914_915	1	87	0.0176496	-0.00532024	0.00764055	0.0181417	0.00726755	0.0167575
917_918	0	86	0.0367862	-0.0113003	-0.00354452	-0.0031708	-0.0394584	-0.0237503
916_917	1	72	-0.00634819	-0.0196775	-0.017638	-0.00262725	0.0376513	0.00200917
867_868	1	72	0.00462949	0.0131909	0.0485055	0.00222807	-0.0316427	0.0454827
870_871	1	71	-0.0123486	0.102594	0.012085	0.0771376	0.0512863	0.0148411
694_695	0	24	0.00738474	-0.00296985	-0.0187482	0.0114372	-0.0190339	0.0292092
1041_1042	1	72	-0.0151194	-0.00737422	-0.0159576	-0.00522544	0.00908404	-0.0193392
662_663	0	81	0.0149479	-0.0200624	-0.0540128	-0.0129967	0.00679917	0.0231181
695_696	1	72	-0.0235249	0.0558524	0.0444845	0.109004	0.0401964	0.117005
699_700	1	65	0.0100171	-0.00770947	0.0508008	0.0173974	-0.0116401	0.0189077
701_702	1	73	-0.0203768	-0.015474	-0.0238203	0.0414481	0.0209142	-0.00511915
661_662	0	78	-0.00602379	-0.00419785	-5.83862e-4	1.29765e-4	-0.0181624	-0.0244902
664_665	1	56	-0.0162064	-0.00525887	0.0166186	0.00724878	-0.016215	-0.0283359
704_705	1	88	-0.0110968	-0.0218814	0.00568508	-0.0157255	-0.0173186	-0.0190496
696_697	1	81	-0.00764343	0.0142315	-0.0392608	-0.0309584	-0.00718213	-0.0694378
663_664	1	89	0.0179207	-0.0213362	0.00281263	-0.0061801	0.0224415	-0.011207
702_703	1	84	-0.0261982	0.0289238	-0.00546963	-0.0157864	-0.0280545	0.0442495
700_701	1	71	-0.0339964	-0.0295714	-0.0101634	0.0158638	0.0286667	-0.0274321
697_698	1	85	-0.00360099	0.00478813	-0.00391628	-0.00617585	0.0514818	-0.00765461
883_884	1	74	-0.00506935	-0.0295383	0.0147702	-0.0205839	-0.0180259	0.0178114
918_919	0	75	0.0911491	-0.0173527	0.0544388	-0.0362274	0.0490107	-0.00956474
880_881	1	81	0.00924763	-0.00714148	-0.00704541	0.0114075	-0.019395	0.0454376
877_878	1	66	0.00583496	-0.00611917	-0.0306602	-0.0354488	-0.0177837	0.00635933
873_874	0	71	0.0293886	-0.0146847	-0.0376225	-0.0274248	0.0172946	0.0287969
878_879	0	85	0.00655468	-0.00790914	-0.0140364	-0.0276645	-0.00553448	-0.0223743
884_885	1	87	-0.00713626	0.0291405	-0.0229047	-0.00953696	-6.64982e-4	0.0170922
876_877	1	76	-0.0210285	-0.0103185	0.0122651	0.0483581	-0.0284874	0.00366154
875_876	0	77	-0.0159484	-0.0151834	0.0344042	0.0135047	-0.0154091	-0.0546902
881_882	0	76	-0.0329468	-0.0138541	0.0167748	-0.0246852	0.0342029	-0.0468496
885_886	1	87	0.00856277	-0.0117347	-0.00806817	0.0309132	-0.0243907	-0.00515177
879_880	0	83	-0.0128354	-0.0172145	-0.0192626	0.00872405	-0.0238669	-0.0143267
882_883	0	79	-0.017538	0.00407889	-0.00192629	-0.0110717	0.0210471	0.031445
874_875	1	66	-0.0258159	-0.00129972	0.0412152	0.0117581	0.00999571	-0.0238506
378_379	1	22	-0.00945593	0.0909532	-0.0159314	-0.00325748	0.00209139	-0.0403099
886_887	1	70	-8.76757e-4	0.0293545	-0.0109016	0.00227684	-0.0259433	-0.00273228
376_377	0	79	1.26918e-4	0.0167484	-0.00361225	0.0456562	0.00201797	0.039336
888_889	0	83	-0.0072226	0.0143281	-0.0110537	0.0375863	0.0193058	0.0209212
887_888	0	68	-0.0153489	-0.0392089	0.00646077	-0.0198547	-0.00459448	-0.0148227
379_380	1	51	-0.00249577	-0.0237131	-0.0217225	-0.011602	-0.00250172	0.0177678
377_378	1	38	-0.0107577	0.00841756	-0.0036963	0.0280214	-0.0154084	-0.0151825
372_373	1	49	-0.00321432	-0.0152999	0.030156	0.0177409	-0.00700691	-0.0362017
370_371	1	26	-0.0122351	0.00476593	0.00296934	0.0118291	-0.00358287	0.0290809
371_372	1	41	-0.0110332	8.92718e-4	-0.0435996	-0.0397182	-0.0216388	-0.0579559
374_375	1	50	-0.015857	-0.0262819	-0.0382312	8.34953e-4	0.0250589	-0.0206391
373_374	1	78	0.00131158	-0.0334686	-0.0310312	0.0890427	-0.0371816	-0.0346843
889_890	1	81	-0.0102279	0.012828	-0.0209754	0.0128728	-0.0277521	0.0351685
301_302	1	88	-0.0155393	0.00517606	-0.0143868	-0.0138792	0.0314884	0.0134872
380_381	0	79	-0.0166072	0.0255917	-0.0179696	0.00245048	-0.0381659	0.0201461
303_304	0	85	0.0108826	-0.0171144	-0.032286	-0.00822119	-0.0155174	-0.0285476
294_295	1	54	-0.0223659	-0.0120865	0.0384925	-0.0253009	0.0266098	0.00541154
296_297	1	80	-0.0304055	-0.0172046	0.0305346	0.00301775	0.0144851	-0.022534
299_300	1	95	0.0105695	-0.00522924	-0.018652	0.0291972	4.54444e-4	-0.0245755
302_303	1	83	-0.0122089	-0.033897	0.00237485	-0.00353072	0.0211654	0.0158875
305_306	0	74	-0.0143493	-0.00851762	-0.00757082	0.035434	-0.00336332	0.0190359
298_299	0	74	0.17427	-0.0134567	0.053499	0.0110388	-0.0302713	-0.0454835
304_305	1	68	0.013052	0.00237244	-0.0282754	1.12659e-4	0.0296433	-0.0127878
293_294	1	86	0.00853955	-0.00840746	0.0228902	-0.0423056	0.0124642	-0.00903924
297_298	0	82	-0.00758091	0.0197555	-0.0100055	-0.0020295	0.0136821	0.0177457
295_296	0	87	-0.0358753	-0.0360765	0.0387277	0.00488271	0.0332786	-0.038166
309_310	0	75	-0.00111683	-0.0192629	0.0174221	0.0191889	-0.00339543	0.0111292
314_315	1	80	-0.0298703	-0.0464304	-0.0132962	-0.0159853	-0.0206432	0.0156073
315_316	0	80	0.00278454	0.00148938	-0.021761	-0.0322102	0.0122737	-0.0203495
311_312	1	88	5.64085e-4	0.0120912	-0.0228052	-0.0192093	0.0014576	0.0222157
316_317	1	76	0.0312616	-0.00230939	0.0296587	-0.0246438	-0.0247525	0.00296112
308_309	1	79	-0.0151985	-0.0117423	0.0197113	0.0022205	-0.0159286	-0.00674163
306_307	1	80	8.11624e-4	0.0133916	0.018998	-0.0123438	0.0321125	-0.0418638
317_318	1	66	0.219504	-0.00253197	0.0829907	0.0271831	-4.48851e-4	-0.0556801
292_293	1	76	-0.00340573	-0.0374387	0.0269881	-0.0127284	-0.00862892	0.00782884
313_314	1	33	-0.0162264	-0.011175	-0.00497908	0.0102779	-0.0129665	-0.0228481
307_308	1	91	0.230065	-0.0233228	0.0751822	-0.0125003	0.00154859	-0.0308835
318_319	1	88	-0.0184174	0.0438484	-0.00285016	-0.0332024	-0.00517105	-0.0136609
312_313	1	84	-0.016983	0.00250012	-0.0161584	0.0230981	-0.0109052	-0.00173994
310_311	1	80	-0.0152937	5.46414e-5	-0.0366786	0.00465247	-0.00269014	0.0330197
320_321	1	89	0.00214581	-0.0193249	-0.0193966	-0.0213405	0.043856	0.0272625
1047_1048	1	71	-0.00681279	-0.00663691	0.0105161	-0.0134168	-0.0199227	0.00326305
1045_1046	1	67	0.0127926	0.0378221	-0.039753	-0.00550782	-0.00986239	0.0112423
325_326	1	66	1.13302e-5	-0.0207008	0.00581975	-0.0163989	0.031485	0.00751874
322_323	0	90	-0.0162145	-0.00408979	0.0301274	0.0227299	-0.0158059	0.00653455
1043_1044	0	71	0.0073007	-0.0153224	0.00218816	0.00490933	-0.00333144	8.832e-4
1046_1047	1	62	0.00121694	0.0217857	5.31555e-4	0.00762776	0.019991600000000002	0.0286052
326_327	0	66	0.00808772	-0.0112997	-0.0139256	-0.00211581	-0.030373	-0.011566
323_324	1	77	-0.00401019	-0.0263857	-0.0103147	0.0044726	-0.00914153	0.00837701
1048_1049	1	64	-0.0040123	0.00345402	0.00789533	0.0260973	-0.00941578	-0.0328778
324_325	1	97	0.0138117	0.00845462	-0.0249048	-0.0211066	-0.0172646	0.0073559
321_322	0	76	0.0197362	-0.00199437	-0.0157461	0.0393357	0.0117292	0.0565262
319_320	1	84	-0.0183753	-0.00543172	0.0354383	0.0271042	0.00412054	-0.0355715
1044_1045	1	65	0.0137099	0.03676	-0.0131345	4.75398e-5	-0.0557762	-0.00530113
1052_1053	0	75	-0.0047155	-0.00640372	-0.00557784	-0.0266273	0.0195467	0.0277017
332_333	1	62	-0.00850642	-0.0142704	0.0072378	0.0678528	-0.0390706	0.0251563
1055_1056	1	71	-0.00758388	0.034201	-0.0388632	-0.00222288	-0.0178119	-0.00948413
331_332	1	24	-0.0211299	-0.0352494	0.00916864	0.00219503	-0.032194	-0.0509216
1054_1055	1	75	-0.0341114	-0.0327485	0.029162	0.00443947	0.00750729	-0.0276836
327_328	1	23	0.0102682	-0.00116951	-0.0139886	0.00225594	-0.00836214	-0.0364445
1051_1052	1	63	-0.00276734	0.00279436	-0.027681	-0.0061624	0.0200815	0.0260936
1057_1058	0	71	0.0182996	0.0317635	-0.00151579	0.0309044	-0.0247529	0.016724
333_334	0	51	-0.00309374	0.0159072	0.0112998	0.00978001	0.0224797	-0.00544371
1053_1054	1	62	-0.023209	0.0160196	0.0204249	-0.0108665	0.0179337	-0.0325732
1049_1050	1	61	0.0748954	-0.0157348	0.00305432	-0.00634247	-0.0268075	-0.0273324
1056_1057	0	68	-0.0204194	0.0141901	0.00212478	-0.0457403	-0.0253998	-0.0365051
1050_1051	0	57	0.00496525	0.00409362	-0.0419531	-0.00510393	0.00750707	0.0375875
330_331	1	63	-0.0157306	-0.0337968	0.00601603	-0.0244641	0.0493049	0.00903752
334_335	1	60	0.0873808	-0.0139007	0.017513	-0.00198107	-0.0141758	-0.0296579
1065_1066	1	65	0.0155682	0.00920024	-0.022252	9.81496e-4	0.00718599	0.058826
924_925	1	39	0.0549649	0.00741688	-0.0251425	0.0340867	0.00312263	0.0228741
1064_1065	0	70	0.134344	0.03026	0.0453606	0.0633343	-0.00966252	0.0235966
922_923	0	36	0.0337074	0.00381176	-0.0282033	-0.0575051	0.0189398	-0.00888064
1058_1059	0	60	-0.0164941	-0.0125639	-0.02008	-5.74636e-4	-0.0177743	-0.0378553
1063_1064	0	77	-0.0181901	0.00553724	-0.0262845	-0.0115507	0.0482126	0.0128199
920_921	0	41	-0.0105848	-0.00773108	-0.0146212	-0.00938939	0.017752	-0.0133719
921_922	1	76	-0.0092775	-0.00793234	0.026538	-0.00688933	0.00408166	-0.00623556
1059_1060	0	70	-0.0417193	-0.0324415	0.0245432	0.041682	0.0177396	1.43719e-4
1060_1061	1	59	0.00372402	0.0123452	0.00793655	0.0122322	-0.0167817	-0.016845
1061_1062	1	62	-0.00325624	-0.00419739	-0.0113759	0.0169775	0.0251084	-0.00944609
923_924	1	38	0.0124588	-0.041167	0.0101154	0.0189515	-0.00822342	0.00344465
759_760	1	71	0.00461856	-0.0311912	-0.0126712	0.013814	0.0156721	0.0173322
753_754	1	88	-0.0169473	-0.00643961	-0.0369217	-0.00801935	-0.00780845	-0.0092034
755_756	1	66	0.0102055	0.0305346	-0.0114519	-0.0110058	-0.00669136	0.00940328
754_755	0	78	-0.015684	0.0107155	0.00745698	-0.00554521	-1.22098e-5	0.00102296
1062_1063	1	59	0.0241122	-0.0259566	0.00608882	0.00515732	0.022845	0.0101717
770_771	1	55	-4.48744e-4	-0.00218413	-0.0278991	-0.0334846	-0.0198367	-7.68072e-4
757_758	1	88	0.00312595	0.00843047	0.0109756	0.0348603	-0.0161674	0.0237318
756_757	0	66	-0.0131186	-0.0113275	-0.0177027	0.00320454	-0.0196478	-0.0248832
760_761	1	55	-0.0155328	-0.0021219	-0.0201851	-0.00183005	0.00105815	-0.025246
769_770	1	62	-0.00992028	-0.00664252	0.00652129	-0.00391365	0.00765726	-0.013179
762_763	1	32	-0.00581748	-0.0227809	-0.00768432	0.00207944	0.00472218	0.0125379
761_762	1	69	-0.0300672	-0.0288604	0.0241269	0.00265731	0.0314981	-0.0192592
758_759	0	75	-0.00129475	-0.0191316	-0.0145934	0.0177829	-0.00711934	-0.0024323
291_292	1	67	-0.00425224	-0.00374521	-0.00595665	-0.0128388	-0.00225601	7.2725e-4
771_772	0	66	-0.0234169	-0.0175937	0.00961958	0.0118017	0.0225481	0.0181231
764_765	1	65	-0.00772922	0.00187094	-0.0180727	0.0075313	-0.034756	0.0195941
766_767	0	41	-0.0107459	-0.00476044	-0.011251	0.00904157	0.00625529	-0.0172339
772_773	1	52	-0.0265801	-0.031483	0.0028822	0.0154497	0.038334	-0.00934746
773_774	1	61	0.0421516	-0.0170343	0.0218446	-0.00194078	0.0161888	-0.0238343
765_766	0	72	0.00736693	-0.00882435	-0.0105001	-0.0128622	-0.0302451	-0.0182635
767_768	1	47	0.00456749	-0.0371902	0.0277803	-0.0254648	-0.0278973	-0.0308731
774_775	0	71	0.0160804	-0.0576025	0.0871191	0.049777	0.0802167	0.122242
776_777	0	74	-0.0194391	-0.00545339	-0.0226006	-0.0250921	0.0398962	0.00471759
786_787	1	76	-0.0581375	0.0709793	0.276068	-0.086473	0.0151038	0.0652478
787_788	1	62	0.00177578	0.013771	-0.0102945	-0.00951395	0.0249801	-0.0200557
782_783	1	73	0.00301652	2.62917e-4	0.00688577	-0.0176911	0.0295162	-0.0156122
790_791	0	76	-0.0217955	0.0305457	0.0468612	-0.00336258	-0.0222343	-0.00943335
788_789	0	73	0.00834125	-0.0142321	-0.012258	-0.0103689	5.47745e-4	-0.0101196
783_784	1	79	-0.0228904	-4.6726e-4	0.00772048	0.0435554	-0.0021702	-0.028362
791_792	0	40	-0.0214659	0.0216091	-5.89982e-4	0.0553488	-0.0200605	-0.0126177
781_782	1	76	0.0135477	0.0110195	-0.00931123	0.00998124	-0.0349214	0.00888846
784_785	1	60	-0.00350445	-0.0103801	0.00334222	4.34564e-4	3.36237e-4	0.0227991
779_780	0	52	0.0258517	0.015912	-0.0473807	0.0191517	0.0331396	-0.0418659
780_781	1	60	-0.0182129	-0.00458419	-0.00227614	0.0257557	-0.014733	0.00325852
789_790	0	61	-0.00167624	0.00282742	0.0207087	0.0476408	0.00872152	0.0156538
669_670	0	64	0.0166729	-0.0161915	-0.0305638	-0.0196062	-0.0013159	-0.0182554
668_669	1	69	0.0159681	0.00297767	-0.0396501	-0.0267251	0.0125753	-0.011968
707_708	0	71	-0.0257932	-0.0121369	0.0778255	-0.0707576	0.0144355	-0.0247817
667_668	0	76	-0.0202408	0.00696007	0.00470066	-0.0208275	0.0333223	0.014171
705_706	1	88	-0.00961521	-0.0436325	-0.00834565	-0.0173176	-0.0225716	0.0166607
711_712	1	22	0.187877	0.0031678	0.0505191	0.0209739	-0.0310624	-0.0273047
709_710	0	24	0.0234446	0.0055881	-0.0124246	-0.0215558	0.0252906	0.0162857
665_666	1	53	-0.00705083	-0.00555494	0.00428412	-0.0177177	-0.0284793	-0.0228469
708_709	1	63	-0.00529304	-0.0180704	-0.0218361	0.0273569	-0.001195	0.00711228
666_667	1	63	-0.0147368	-5.95012e-4	-0.0299324	-0.0141436	-0.0153786	-0.00933814
670_671	0	83	-0.0194065	0.0175243	0.0174793	-0.010931	-0.00391537	0.00544258
706_707	1	88	-0.0029158	-0.0558243	0.0170629	0.0423622	0.0223085	0.0028119
446_447	1	72	-0.018948	-0.0134018	0.00965727	0.00684386	0.0225027	0.00707314
793_794	1	78	-0.0141653	0.042323	0.0078872	-0.0191514	-0.0310958	-0.010308
458_459	1	84	0.0197845	0.0189636	-0.0628005	-0.0159996	-0.0352532	0.0299909
405_406	1	70	-0.0132923	0.0231396	-0.00584389	-0.0206107	-0.0321389	-0.0187174
457_458	0	73	-0.0367337	-0.0600799	0.00528216	0.283577	0.0055155	0.0200186
454_455	0	79	0.0169779	-0.0109228	-0.022338	0.0161485	-0.0257334	-0.00365373
406_407	1	59	-0.0373111	-3.68968e-4	0.0382976	0.00596472	-0.0130265	-0.0211551
456_457	0	76	9.88095e-5	0.00217169	0.00625281	0.00610564	-0.0344234	0.0718703
445_446	1	83	0.00896675	0.00651995	0.0306481	-6.57414e-4	0.0232565	-0.00249644
453_454	1	85	0.00149373	-0.00596548	-0.0285342	0.00846717	0.057576	0.0205902
455_456	1	80	8.0936e-5	0.014177500000000001	-0.0401952	-0.00582445	0.00853817	-2.42623e-6
443_444	1	29	-0.0279456	0.0714162	-0.0165459	0.0119076	0.00795674	-0.0700046
459_460	1	87	0.0081766	-0.00468774	0.00412363	0.0243154	-0.0460091	-0.00957811
431_432	1	78	-0.00771241	0.00453525	-0.0322606	4.411e-4	-0.00631452	-0.0420653
433_434	0	80	0.0184828	0.0527367	3.18914e-4	9.34178e-5	0.0148907	0.0160241
451_452	0	89	-0.0378203	0.0138073	0.0525475	-0.0308778	-0.0201261	-5.11595e-4
447_448	0	66	0.0174541	0.0177528	-0.061429	-0.0780558	0.00229674	0.0922345
461_462	1	61	0.0100643	-0.00732375	-0.0213388	-0.00424681	0.0109111	0.012357
463_464	1	86	-0.0233531	0.0334567	0.0867234	0.00247072	0.0285657	-0.0151598
450_451	0	84	-0.00957138	-0.0129593	-0.00311079	-0.0161006	0.00985562	-0.00884278
460_461	1	58	0.0140639	-0.0150036	0.030044	0.0161411	0.00236707	-0.0111355
448_449	1	82	-0.00687062	-0.0287646	-0.0199488	0.00222689	-0.0825534	-0.0281402
462_463	1	83	-0.0117418	-0.0238073	-0.00191221	-0.0290382	-5.88059e-4	0.0688869
452_453	0	77	0.0234057	-0.0187429	-0.0219076	0.00317498	-0.0167618	0.0208756
449_450	1	85	-0.0197087	0.00105507	-0.0618671	0.0107617	0.010186	0.0056793
432_433	0	78	-0.00210574	-0.0131998	-0.0227167	0.0188616	-0.0333696	-0.0539891
464_465	1	76	-8.41321e-4	-0.00339295	-0.0208873	-0.00137529	-7.51324e-4	-0.00434761
363_364	1	66	0.192826	0.00535893	0.0289762	0.00524076	0.00634041	-0.0223649
366_367	0	35	-0.0260086	-0.0106095	0.00888717	-0.00506553	-0.0283026	-0.0402519
364_365	1	42	0.00545584	-0.00725991	-0.0039858	0.0231683	0.027546	0.00329822
437_438	1	21	0.0132883	0.00935269	-0.0233924	-0.00259183	-0.0144464	0.00562961
367_368	1	65	0.0165779	-0.00962293	-0.0129648	0.0156013	-0.0322771	-0.00178624
438_439	1	32	-0.0139313	-0.0310234	-0.00679964	-0.0131623	0.0297598	8.7434e-4
361_362	1	56	-0.0156379	0.0764194	0.0392841	-0.013226	-0.105097	-0.0436933
435_436	0	67	-0.0060221	0.0193818	0.00680381	0.0191226	0.00312336	-0.0112277
360_361	1	46	-0.0192333	-0.00713932	0.0132616	-0.0432037	0.041348	0.0124539
439_440	0	71	-0.025666	0.0131395	-0.0182577	0.0264892	-0.0410415	-0.0235511
436_437	0	45	-0.0180737	0.0177457	0.0261448	-0.00136122	-0.0202731	-0.0134269
365_366	1	67	-0.010622	-0.025772	-0.0246628	-0.00552786	-8.9191e-4	-0.00111385
434_435	1	78	-0.0215851	0.00829808	-0.023718	0.0352646	-0.0235591	-0.00791796
426_427	1	63	-0.020221	0.0193837	0.0295504	-0.0039204900000000004	0.0422602	0.0487084
359_360	0	58	-0.039817	0.0848955	0.143755	-0.0782562	0.0200509	-0.0151106
441_442	0	70	0.00433212	-0.0216756	-0.0348307	-0.00232775	-0.00443621	-0.0161526
424_425	1	78	-0.0198432	-0.0136713	0.0254346	0.0445342	8.52175e-4	0.00301258
425_426	1	50	-0.00321784	0.0141224	0.00126259	-0.0337314	-0.0339917	-0.01043
357_358	1	39	-0.0128852	-2.30829e-4	-0.00311449	0.0143721	0.00633184	-0.0405489
358_359	1	52	-0.0708867	0.020283	0.247854	-0.104196	0.0541732	0.0803541
356_357	0	28	-0.0179452	-0.0202433	0.0360987	-0.00214101	0.00917695	-0.00943063
423_424	0	59	-0.0282748	0.0913669	-0.00175803	-0.0184618	-0.0845124	-0.0165913
422_423	1	53	0.00422577	-0.0140368	0.0449717	0.0401726	-0.00757419	-0.0088636
428_429	0	75	-0.0128243	-0.0143206	0.0362467	-8.78911e-4	-0.0222458	0.0201083
429_430	0	87	0.0295629	0.0136739	-0.0401682	-0.0316069	0.0174277	0.054725
427_428	0	67	0.251416	-0.0141085	0.10256	0.0301596	-0.00561681	-0.0405339
398_399	1	55	0.00976959	-0.00516874	0.00731659	0.046101	-0.00916263	0.0320182
394_395	0	37	-3.00333e-4	0.0125319	0.0215594	0.0129605	0.0302767	-0.0188151
399_400	1	49	0.00412479	0.00613901	-0.0308351	-0.00532737	-0.0211674	0.0319584
415_416	0	80	-0.0211088	-0.0300402	-0.0139881	0.0314025	0.035735	-0.022272
418_419	0	76	-0.00290122	0.00343461	0.0173409	0.033926	-0.0170642	0.00942361
1072_1073	1	59	0.0435213	0.0237131	-0.0200616	0.0082253	0.0109028	0.0204467
368_369	1	36	0.061963	0.0173298	-0.0316252	-0.0199651	0.0393779	0.0562201
419_420	1	72	0.0126918	-0.0103921	-0.0351739	0.00350072	-0.038892	-0.00895802
1073_1074	0	68	-0.0168249	-0.0248182	-0.00384299	0.0103612	0.0520165	-0.0020525
416_417	0	63	0.117589	-0.00534843	0.043006	-0.00527057	-0.0156203	-0.0561597
442_443	0	58	-0.00121334	0.00777672	0.015921	0.0133462	-0.0426108	-0.0225203
396_397	1	57	-0.00654125	0.0143208	0.0208463	-0.00322607	0.00188644	-0.0233095
395_396	0	66	-0.0307842	-0.0232226	0.0300609	-0.0124774	0.0425202	0.0132724
417_418	0	78	-0.0152075	0.0242986	0.00570503	-0.00157667	-0.00205762	0.0149409
347_348	1	49	-0.0103428	0.0196742	-0.018414	-0.00597718	-0.0503184	-0.00804546
402_403	0	66	-0.0203313	-5.82442e-4	0.0126126	-0.0436298	-0.00589565	0.00930168
1071_1072	1	73	-0.0211297	0.00853509	-0.0328454	-0.00551268	-0.0583748	-0.00948008
390_391	1	78	-0.00309445	0.030552	-0.0355473	0.0437715	0.0138647	0.0300216
412_413	0	85	-0.0291637	-0.0267161	0.0232886	-1.46667e-4	0.0164882	-0.016767
414_415	1	22	-0.00439343	-0.00173195	0.00961853	0.0350758	2.73626e-4	0.0280731
403_404	1	65	0.0114958	0.00264262	0.0077949	-0.00483483	0.0256653	0.0271442
388_389	1	62	-0.00128871	-0.0106517	-0.00868228	0.0237036	-0.00677514	0.0327202
387_388	0	65	-0.0261744	-0.00797488	0.001037	-0.00658359	0.0387604	0.00170109
400_401	0	46	-0.0121977	-0.0133213	-0.0133297	-0.00119982	0.0169049	-0.0113273
413_414	1	24	0.0148743	-0.00273728	-0.0108066	0.00642048	-0.0305287	0.00318263
389_390	0	81	0.0174234	-0.016715	-0.032476	-0.014091	-0.0340475	0.00475768
410_411	0	61	-0.00920003	6.07923e-4	-0.00875929	0.0385325	0.00669222	0.0549418
1070_1071	1	71	0.0154521	-0.00172385	-0.0071667	-0.0184401	0.0326134	0.0550134
498_499	0	71	-0.0326905	-0.00566849	0.0200239	0.00111447	0.0393892	-0.0242711
335_336	0	71	-0.00239851	-4.28491e-4	-0.0164933	0.0138002	-0.0194778	0.0025746
494_495	1	24	-0.0256799	0.0219632	0.00588104	-3.29703e-4	-0.0244495	-0.00887622
411_412	1	49	0.0420604	-0.00440605	-0.0204952	-0.0387742	0.010381	0.0264239
404_405	1	64	0.00728783	0.00130346	-0.0130023	-0.038585	-0.0359074	0.00503222
1066_1067	1	71	-0.0177429	0.0153427	0.0295504	-0.00373994	-0.0359107	-0.0167544
497_498	1	31	-0.0135809	-0.0434615	0.00590602	-0.0170008	0.0680857	0.0192844
342_343	0	80	-0.0244286	-0.00809271	0.00320022	0.00876071	-0.012065	-0.00656154
328_329	0	65	-0.0328957	-0.0146318	-0.00149261	0.0111071	-0.02668	0.00394778
329_330	0	42	-0.030976	-0.0617951	0.0526864	-0.0292692	0.0893419	-0.0402071
409_410	1	65	0.0171129	0.00370954	-6.53783e-5	-0.0223905	0.00952398	0.00774716
489_490	0	52	0.00560714	-0.0166462	-0.0106	-0.0286174	-0.0149473	-0.0139502
337_338	1	42	-0.0129596	0.00306145	0.0330468	6.69345e-4	-0.0109668	-0.028941
420_421	1	75	-0.0127547	0.020937	-0.0429035	-0.00621474	-0.0271829	9.63175e-4
488_489	0	56	-0.00842796	0.0155466	-0.00904104	0.00933263	0.0298672	0.0800836
340_341	1	78	-0.0147376	0.00371305	0.00452487	6.29551e-4	0.00934453	-0.00972951
336_337	0	57	-0.0254556	0.0897276	0.0851082	-0.0593431	-0.0529565	-0.0380122
338_339	0	69	-0.0106586	-0.00371384	0.0260974	0.00732888	0.0201695	0.0434306
486_487	1	36	0.0194786	-0.0462473	0.0897455	0.0309711	0.0867319	0.0882072
490_491	0	64	0.0537793	-0.00269817	0.00227374	-0.0242589	0.0496222	-0.0246779
487_488	0	67	-0.0183474	0.0101499	0.00277502	-0.0138685	-0.00840135	0.0293299
339_340	0	80	-0.0316848	0.0145201	0.00770118	-0.0292075	-0.0202473	-0.00660777
421_422	0	61	0.0081777	-0.00873615	-0.0354838	0.00966171	-0.0333858	0.00409298
408_409	1	74	-0.00443995	0.00678426	-0.00366223	0.0258737	-0.0124823	0.00515374
496_497	0	33	0.010693	0.194763	-0.146319	0.0365564	0.244682	-0.180733
554_555	0	80	-0.00716313	-0.0157647	0.00148985	-0.0222623	0.0188164	0.00275084
966_967	1	71	-0.00533411	0.00259389	-0.0711996	-0.0620904	0.0103845	0.0169309
485_486	1	48	-0.0114344	0.0102989	0.0227267	-0.0144581	-0.0058057	-0.00155351
752_753	0	54	-0.0231578	-8.20148e-4	0.0583799	-0.00447417	0.013509	0.0140932
552_553	0	29	0.00484429	-0.0340974	0.00361151	-0.00460345	-0.0130165	-0.0201551
393_394	0	56	-0.00863087	-2.36403e-4	-0.00366829	9.7192e-4	0.01808	-0.0331898
348_349	1	31	-0.0167246	0.00646374	0.0294952	0.0621387	-0.0018505	0.00493036
559_560	0	77	0.00280691	-0.0191211	0.00979858	0.0147179	0.0376236	-0.0285579
558_559	1	80	-0.00731445	0.00280026	-0.0143695	-0.0439805	-0.0429511	0.00995165
866_867	1	67	0.0177922	0.0228622	-0.0286278	-0.0379006	-0.00164588	0.0303502
391_392	1	43	0.0239996	0.0273385	-0.0142159	-0.0173635	0.0111211	0.0278793
553_554	0	36	-0.0143485	-0.00602503	0.00659387	0.0252818	0.00355642	0.0231623
515_516	0	37	-0.0273081	-0.0122739	-0.0271036	-0.00639218	-0.0441311	-0.0534832
516_517	1	34	-0.0185264	0.0743773	-0.0118184	-0.0359078	-0.0611832	-0.0238349
392_393	1	56	-0.0141975	0.00324643	0.0239745	0.0797711	-0.026608	-0.00235456
502_503	1	66	-0.0117055	0.00455451	-0.0102964	-0.031361	0.0132227	-0.0117438
98_98	1	28	-0.0124595	4.38255e-4	-0.0367815	-0.02319	-0.0248526	-0.0104983
563_564	0	75	-0.022407	-0.0145299	0.0242614	0.0372523	-0.0319749	-4.50776e-4
561_562	0	56	-0.0258685	-0.00941034	-0.0161581	0.027171	-0.029099	-0.0560769
503_504	0	49	-0.0121828	0.0311071	0.0100115	-0.00233039	-0.0113596	0.0900078
562_563	1	71	-0.0149299	0.0152916	0.0130033	0.00358984	-0.00205713	0.00648296
517_518	0	68	-0.0127378	-0.029681	0.0141254	-0.0392386	-0.0117132	-0.019675
407_408	0	65	-0.00227467	0.0151532	0.00388296	-0.0203092	0.00457987	0.00504595
492_493	1	79	-0.00318563	-0.0331527	0.01175	-9.46055e-5	0.0452537	0.00291076
493_494	0	73	-0.011922	0.0093791	0.00415867	-0.0134437	0.0260444	-0.004492
751_752	1	75	0.00485679	-0.0190348	0.00555235	-0.0250885	0.00619055	0.00291788
680_681	0	77	0.00942668	0.00262025	0.00189457	-0.0319865	0.0363051	-0.0251959
677_678	1	76	0.0180955	-0.00886837	-0.0254553	0.0149821	6.68526e-4	0.0101404
681_682	1	68	-0.0117623	0.00900598	-0.001541	-0.00983752	-0.00483734	-0.00721594
716_717	0	65	-0.00191869	6.67526e-4	0.00780032	0.00286116	0.0335469	0.00567746
676_677	1	88	0.00158773	-0.0073752	-0.0107136	-0.00698311	0.0126621	-0.00696396
675_676	1	73	-0.0131108	-0.00349666	0.0443733	-0.0310686	0.0127802	-0.00209846
673_674	0	91	-0.00564033	-0.0350687	0.0124823	-0.00152733	-0.0265231	-0.0359577
671_672	1	81	-0.0059471	-0.0276201	-0.00990382	-0.00800712	0.0329742	-0.0130243
715_716	1	76	-0.0196505	-0.00644127	-0.0108463	0.0044625	0.00749461	-0.0160209
679_680	1	85	0.00914057	0.00555376	-0.0112336	0.0165508	0.0100881	-0.00366046
719_720	1	88	0.00251882	-0.00870787	-0.00956435	0.0175023	-0.0213499	0.00634929
678_679	0	83	0.0021863	-0.0209389	0.00287268	-0.0291999	0.0388018	0.0244709
674_675	1	83	-6.57511e-4	0.00495027	0.0102249	0.0167358	-0.00589848	-0.0245579
672_673	0	85	-0.0203687	-0.00796559	0.0238645	-0.0299905	0.0749653	0.00980098
102_102	1	23	-0.0250355	-0.00874079	-0.0220205	0.0202201	0.0582135	-0.0181698
482_483	0	23	-0.00308271	0.00451381	-0.0265753	0.0225403	-0.0310304	-0.0120018
479_480	0	86	9.15e-4	-0.00204758	-0.0209342	-0.00357894	0.017814	0.0240461
484_485	1	60	-0.00272056	0.0198235	-0.0381831	-0.0293228	0.0229495	0.0237608
369_370	1	54	0.00831531	0.00446716	-0.0113775	-0.0112979	-0.00183018	-0.00702327
481_482	1	68	0.0132491	-0.0149065	-0.00669998	0.00325437	-0.0317232	0.0293238
383_384	0	81	0.0121794	-0.00382514	-0.0629044	0.0107265	-0.0307393	-0.0178798
478_479	0	68	0.00750648	-0.0135595	3.32198e-4	-0.0246907	-0.0122981	0.00925678
483_484	0	71	-0.0105162	-0.052735	-0.0116648	-0.0779274	0.0389859	0.0349708
382_383	1	63	2.37122e-4	-0.00986293	-0.0421369	0.00504791	-0.1066	-0.0268155
99_99	1	43	0.0019601	0.130661	-0.0774948	0.0416974	0.0930422	-0.0787108
480_481	0	69	-0.00657345	-0.00885202	0.00565492	-0.00891579	0.00873263	-0.0439103
101_101	1	71	-0.0122062	-0.0245658	0.00138231	0.0152198	-0.00262943	-0.00137847
381_382	1	77	-0.0117785	0.0113315	-0.0468514	-0.0113284	-0.0545336	-0.0275715
539_540	0	62	-0.00840115	-0.0186932	0.0116358	0.00396921	-0.0566554	0.0388164
531_532	0	65	0.00178067	9.34673e-4	-0.0215504	0.0124506	-0.0120342	0.0446361
105_105	1	31	-0.00858212	-0.0192521	0.00114106	-0.0123796	-0.0176697	-0.0334529
505_506	0	54	-7.05033e-4	-0.0328462	-0.0165537	0.0270993	-0.0206191	-0.0251141
530_531	0	78	0.0029112	-0.0204051	0.0249091	-0.0147771	0.0682071	-0.0260773
529_530	0	78	-0.0378284	-0.048522	0.0582025	0.00864093	-5.80503e-4	0.0105936
532_533	0	79	0.0268955	-0.00454371	0.0223319	-0.0180752	0.00845615	0.0215873
527_528	0	65	0.0282537	0.0318091	-0.057151	-0.0685766	0.0237282	0.131381
104_104	1	57	0.00819596	0.0157533	-0.0110477	-0.0239053	-0.0146236	-0.0229079
533_534	0	33	-0.023357	0.0288505	0.00389467	-0.0554913	0.00426188	0.0219063
540_541	1	53	0.129783	0.010241	6.62995e-4	0.0100959	-0.0221249	-0.0447781
538_539	1	60	-9.91337e-4	-0.0107727	0.0181951	0.0269495	0.0269687	0.00566727
528_529	0	68	-0.0434346	-0.0522189	-0.0173928	-0.0230703	0.0253023	-0.0174589
537_538	1	53	-0.00144277	-0.0114218	-0.0109343	-0.0411085	0.00372495	-0.00414806
546_547	1	73	-0.0182671	0.00281628	-0.00159068	0.0160937	-0.0150795	-0.031521
542_543	0	58	-0.017805	2.33203e-4	0.00318806	0.0336224	-0.0376127	-0.0163652
544_545	0	68	-0.0331252	-0.00365156	-0.00683441	0.00663142	-0.0310902	-0.0243938
545_546	1	67	0.0261293	-0.00587963	-0.0138843	-0.0185988	-0.00511738	-0.0495022
543_544	1	72	-0.0155887	0.109338	0.0151079	-0.0558777	-0.0931284	-0.0135268
534_535	0	88	-0.0388574	-0.0401436	0.0384884	-0.0231657	0.0296887	-0.0133299
541_542	1	58	-0.0297115	0.0484788	0.0259448	-6.08078e-5	-0.00603732	-0.00214527
506_507	1	41	-0.0264021	-0.0364453	0.0169539	-0.00715541	0.0488786	0.00325842
524_525	0	74	0.014681	-0.019803	0.0281849	-0.018996	0.0133204	0.0179146
507_508	0	66	-0.00461406	-0.0110377	-0.0302833	0.00795699	-0.0313228	0.00686852
521_522	1	57	0.0584672	0.0063287	-0.0217804	-0.0777151	0.0347321	0.0834918
535_536	1	82	-0.0105063	0.00704572	-0.010351	-0.0206588	0.0209422	-0.0260177
536_537	0	67	0.005536	-0.0120382	0.0490952	0.125414	-0.0306134	0.03622
512_513	1	79	0.013742	0.0115037	-0.0249945	-0.0156728	-0.0379109	0.0264064
549_550	1	60	-0.00615901	-0.00690838	-0.0273027	-0.0180505	-0.00237326	0.00964652
510_511	0	84	-9.98162e-4	-0.00807935	0.00247827	-0.00769187	0.0106598	0.0114538
514_515	0	90	0.0132116	-0.0187344	-0.0114052	0.0179666	-0.0314418	-0.0186918
511_512	0	89	-0.0177749	-0.0034303100000000002	0.00739781	-0.0199015	-0.00665221	-0.0109264
550_551	1	82	-0.0223937	0.00304774	0.0378894	-0.0237842	0.0120722	0.0141263
509_510	1	80	-0.0178443	-0.0104089	-2.97745e-4	-9.3346e-4	-0.00499973	-2.10513e-4
551_552	1	72	7.20542e-4	0.185431	0.121267	-0.01583	-0.182937	0.0324607
547_548	0	73	-0.0269856	0.00406926	0.0215598	-0.0069127600000000004	-0.025113	-0.0255407
1068_1069	1	72	0.0125692	0.0215235	-0.0397835	-0.0408988	-0.0135553	0.0122315
555_556	0	77	-0.0153602	-0.0027327	0.00429809	0.0102972	0.00126168	0.0159432
513_514	0	82	0.0148821	-0.00618393	0.0240383	-0.00898773	0.0249681	0.0169703
112_112	1	81	-0.00570248	-0.0331075	0.00602548	0.00870062	-0.0207118	-0.0231529
472_473	0	77	-0.0215251	0.00755932	-0.0253745	0.0283659	-0.00232676	0.00706452
469_470	0	78	0.00117952	0.00577946	0.00356944	-0.00490882	-0.0164417	-0.0131393
599_600	1	71	0.0123071	-0.00983228	-0.0118324	-0.0336569	0.0253395	0.0188196
600_601	0	39	-0.00264877	0.0218662	-0.0292285	-5.75719e-4	-0.00965814	0.041018400000000003
468_469	1	76	-0.0158995	0.00307588	0.00719356	0.0229029	-0.00222031	0.00499055
567_568	0	68	-0.00263789	-0.0120192	-0.0110397	-0.00594593	-0.05715	-0.020177
471_472	1	65	0.0185463	-0.0111297	-0.0165739	0.0277036	0.00258917	-0.0182528
466_467	1	85	0.00627966	0.0387322	-0.00971076	0.040256	0.00791283	0.00645679
467_468	1	74	-0.00266828	-0.00788801	0.0246842	0.0518891	-0.0213135	0.0133294
525_526	1	78	-0.00153258	-0.0573743	0.0152743	-0.0116064	-0.0064635	-0.00634963
566_567	0	58	-0.00135923	-0.0138905	0.0060847	-1.85854e-4	0.00673513	-0.00258347
570_571	0	59	-0.0120996	-0.0101382	-0.0153864	-0.00196789	3.60508e-4	-0.0317555
569_570	0	69	-0.0253979	0.0590927	0.107124	-0.0867554	-0.00965739	-0.0720036
572_573	0	86	-0.00212715	-0.0191251	0.00121888	-0.00850559	-0.024746400000000002	0.0188541
116_116	1	77	-0.00587305	-9.584e-4	0.021315	-0.0243529	0.052295	-0.0245605
110_110	1	84	-0.0230695	-0.018432	0.0263569	-0.0124071	0.036632	-0.025778
117_117	0	91	0.013745	-0.0272374	-0.0388145	-0.0298261	0.0139131	0.0140519
473_474	1	72	-0.0130905	-0.0362601	-0.0395459	0.0425699	0.0423754	-0.0360922
107_107	0	85	0.0034499	0.00951962	-0.020779099999999998	-0.0111237	0.0340774	0.00993351
114_114	1	72	-0.00690418	-0.00227857	-0.0124979	0.00902583	0.0111669	-0.0149383
109_109	0	84	0.0110705	-0.00488256	-0.0117009	-0.0238384	8.5188e-4	0.0169587
111_111	1	69	-0.0191439	-0.00296582	-0.0125605	0.0147958	0.0102789	0.00993362
108_108	1	67	0.0377373	-0.0322464	-0.0212825	0.0137266	0.0131188	-0.0200705
474_475	1	79	0.00674797	-0.0099591	-0.0107344	-0.0178981	0.0185877	-0.0225961
571_572	1	84	-0.019648	-0.00819613	0.0109226	0.00120047	0.0278031	-0.0232897
106_106	0	80	-0.0223047	0.039133	-0.0189137	0.00962338	-0.0317291	-0.0126928
604_605	1	81	-0.0282835	-0.0147851	0.0406079	-0.014349	0.00627169	0.0348763
605_606	1	41	-0.018202	0.0156111	0.0170184	-0.027237	0.0352978	0.0474595
575_576	0	50	0.00366758	-0.0130245	-0.0130273	0.0247014	-0.00822261	0.00642768
606_607	1	71	-0.028661	-0.00919365	-0.00914686	0.016083	0.0173549	-0.022162
1075_1076	1	57	0.0288494	-0.0531213	-0.0146506	-0.0117619	-0.0167909	0.0628443
602_603	0	70	-0.0204087	-0.0412553	-0.0195529	-0.0164676	-0.015708	-0.0440751
574_575	1	24	-1.54428e-4	-0.0081442	-0.0194585	-0.0251484	0.0290192	-0.0028162
603_604	0	87	0.119078	0.00825807	0.0331639	0.0269095	-0.0124042	-0.0204013
621_622	0	91	-0.00745208	-0.0077259	-0.0200802	0.00110361	-0.0182715	-0.0398587
573_574	1	26	0.0164565	-3.37705e-4	-0.0109823	-0.0221554	-0.00902887	-0.0184952
548_549	1	40	0.00167954	-0.0234594	-0.00328987	-0.0481641	0.0104449	-0.0382866
1074_1075	1	69	-0.013536	0.0182852	-0.010132	0.0194327	-0.00574972	0.0215943
1076_1077	0	73	-0.00667098	-0.0145028	0.00577753	-0.0522716	0.0468316	-0.00817318
608_609	0	67	-0.0126074	-0.00828716	0.0089896	-0.00737319	-0.0147351	0.0116687
612_613	0	83	0.0060756	0.00849596	0.00335926	-0.00424835	0.00950522	-0.0123994
616_617	1	53	0.100464	-0.0131412	0.0350944	0.00934114	-0.00338926	-0.0222056
619_620	1	22	-0.00408951	0.0123112	0.00634392	0.0233189	-0.0140198	0.0161072
617_618	1	62	0.00789731	-0.0145066	-0.0131421	0.0309749	-0.0271544	0.0134379
620_621	1	35	0.036014	-0.00726337	-0.0592205	-0.0348553	-0.00880242	0.00288837
609_610	0	62	-4.87321e-5	-0.0111478	0.0162393	-0.0291981	0.00656106	0.0274215
610_611	0	63	-0.00328606	-0.0140608	-0.0137793	0.0084482	-0.00284505	-0.0437769
614_615	1	67	-0.0290939	-0.00301633	0.0335728	-0.0247327	-2.39288e-4	0.0084718
607_608	1	77	-0.00752227	0.0408569	0.0458052	0.0338106	0.0341803	0.0520221
613_614	1	78	0.0107574	-0.0253896	-0.00138579	-0.0184775	-0.00382334	0.040478600000000003
611_612	1	76	0.00816199	0.0351069	0.00952999	-0.0029558	-0.00550777	0.0491486
615_616	1	58	-0.0136012	-0.00670387	0.0023036	0.0179895	-0.00948156	-0.0324036
618_619	1	30	0.0254207	0.00629899	-0.0270833	0.0185943	-0.00937267	0.0155299
577_578	0	72	-0.00480123	0.0155216	-0.0302225	-0.0145732	0.00613246	-0.00344563
637_638	0	87	0.00699245	-0.0214291	0.00605285	0.0448593	-4.84699e-5	-0.029965
508_509	0	79	0.171751	-0.0133943	0.0729068	0.0136059	0.0228452	-0.0430432
578_579	1	22	-0.00357313	0.0143651	0.003801	-0.0250513	-0.0541682	0.00536529
499_500	1	77	-8.34474e-4	-0.0216971	0.0276972	-0.0211362	0.00963075	-0.0677928
504_505	1	85	-0.00116899	-0.0206839	0.00162291	0.03315	-0.0203847	0.00122508
636_637	0	75	-0.0180269	-0.00782006	-0.038439	-0.00107428	-0.0504553	-0.0278675
576_577	1	70	-0.022965	-0.0152594	-0.0204757	-0.0053281	0.0196172	0.0131187
623_624	1	74	-0.0109616	-0.017005	-0.00383234	0.0141675	0.0390363	0.0114592
622_623	0	86	0.014322	0.00275176	-0.0040209	-0.00420547	0.00681434	0.0409198
638_639	1	68	-0.0264345	-0.00113357	0.00567391	0.00116308	0.0292631	0.00910679
470_471	0	83	-0.0113899	0.196682	0.0129584	0.0637222	0.0331499	0.0403933
970_971	1	58	0.00848614	3.04263e-4	-0.0185315	0.00448991	0.0128522	0.0191014
739_740	0	80	-0.0170168	-0.0558454	0.0049745	0.0916591	-0.0414316	-0.00323191
722_723	1	81	-0.0126229	-0.0384595	-0.00701992	-0.0232702	0.030229	0.00860411
718_719	1	80	-2.46218e-4	9.11636e-4	-0.047236	0.013125	-0.0161396	0.0236862
743_744	1	60	-0.00481095	0.00976864	-0.0123885	0.0184942	-0.0236053	-0.00107106
971_972	1	62	0.00317929	-0.0258188	-0.0076297	0.0064013	-0.0194989	-0.0219895
721_722	0	81	-0.0106485	-0.0208384	0.0231773	0.0126658	0.0367949	-0.0219656
720_721	0	78	-0.00662202	0.0294746	-0.0125182	-0.00968562	0.0217469	-0.0269804
717_718	1	76	0.0185885	0.00829149	0.00277958	0.0370515	0.0185058	-0.0129121
968_969	0	60	-0.00456117	0.00809075	0.00190333	0.0161348	-0.0152505	-0.0242788
737_738	1	94	-0.0208427	-0.014204	0.00355334	-0.0149375	-0.0413552	-0.00198813
740_741	1	84	5.46937e-4	0.0237126	-0.0174643	0.00427996	-0.00809881	0.0598648
738_739	1	96	-0.0304296	0.00885923	-0.00710605	-0.0288038	-0.00453517	-0.027543
736_737	1	87	0.027463	0.0140981	-0.0129125	-0.0427053	0.0474564	0.0632188
639_640	0	79	-0.017287	0.0388798	0.00145483	0.00508716	0.0199658	0.00276129
526_527	1	66	-0.0174437	-0.00216882	0.0068789	-0.00523054	0.00596265	0.0195583
645_646	0	86	-0.00194954	-0.0241739	-0.0235699	-0.00478127	-0.0422344	-0.00880242
579_580	1	34	-0.001312	0.00365565	0.00943388	-0.00708657	-0.0322182	0.00803032
650_651	1	80	-0.00999052	0.0274008	0.0102943	0.0449871	0.0178587	-3.30297e-5
640_641	1	83	-0.00169331	-0.0142365	-0.0197232	0.025112	0.0127862	-0.0128452
646_647	1	85	6.0375e-4	0.00991915	0.00275076	0.0411213	4.85215e-4	-0.0064639
651_652	1	67	-0.0190197	-0.0063389300000000004	-0.0667278	-0.0455266	-0.0734801	-0.0133056
648_649	1	73	-0.0183796	0.0221485	-0.00402212	0.0320727	-0.00914367	0.0180734
649_650	0	80	-0.023798	-0.00158738	-0.0100335	0.0136652	-0.0170226	-0.013653
652_653	1	84	-0.024805	-0.0114706	0.0328343	-0.0273262	0.00162296	0.00128328
641_642	0	85	-0.0307711	-0.00875652	0.00253654	0.0405925	-0.0169882	0.0166956
647_648	1	68	-0.0102655	0.0121637	-0.012817	0.020948	-0.0198052	-0.018506
580_581	0	37	0.0608	0.0108007	-0.010168	0.00133169	0.00637662	-0.00682373
589_590	1	75	-0.0178094	-0.0302011	0.0202131	-0.00788554	0.0538086	-7.57341e-4
586_587	0	51	0.00999878	0.0156791	-0.0122268	0.00559233	-0.01415	-0.0115719
587_588	1	72	-0.00925615	0.0171007	-0.0244444	-0.0260408	-0.0127666	-0.0380277
585_586	0	71	-0.00810272	-0.0233666	0.0255598	0.0317442	-0.00327216	-0.0284325
590_591	0	69	0.1189	-0.0163846	0.0169711	0.0108706	-0.0169966	0.00523018
582_583	1	52	0.00184389	0.00381944	0.00713545	0.0167777	0.0139764	-0.00780134
581_582	1	63	0.0144664	-0.00417442	-0.0108741	-0.0223218	0.0145274	0.0194067
644_645	1	59	0.00778568	-0.0226858	-0.0195086	0.0237636	0.0151448	0.0377719
624_625	0	60	0.0143723	-0.0191884	0.0108667	0.0120029	-0.0133517	-0.00873202
584_585	0	74	0.0132399	0.00206586	-0.00364932	-0.00582926	0.00244739	0.0234606
583_584	0	36	0.00852382	-0.00977861	0.0127514	0.0168343	0.0253953	0.0372607
588_589	0	69	-0.0266554	-0.0186798	0.00552076	0.0027289	-0.0146028	-0.0622639
625_626	1	59	0.0184983	0.0134491	-0.0275745	3.53633e-4	-0.00254692	-0.00243226
634_635	0	55	-0.00738121	-0.029146	-0.0199176	-0.0425386	0.0146999	0.0477179
635_636	1	66	-0.0293702	-0.0210464	0.0367792	0.0390621	-0.016667	-0.0223911
592_593	0	68	0.0133169	0.0278449	-2.23284e-4	-0.00213154	0.00679505	0.0165486
595_596	0	81	-0.0224282	-0.0174476	-0.0055756	-0.00446961	0.0147265	0.00463527
593_594	0	69	-0.0267659	-0.00106302	0.0057336	0.031488	-0.0109329	-0.0261766
344_345	0	61	-0.0281671	-0.0120913	0.0198453	0.0116245	0.0666538	-0.0393672
345_346	0	66	-0.0226149	-0.0366994	0.0124148	0.260353	0.0477684	0.0317056
591_592	0	83	-0.0325886	-0.00818811	0.050395	0.0233131	-0.0189287	-0.0381948
629_630	0	34	-0.0102213	0.0289447	0.00924373	-0.0506879	-0.0450989	0.0371215
628_629	0	73	0.0129163	0.0117163	-0.0231326	-0.0447614	-0.00181237	-0.0349121
630_631	1	54	-0.0150919	-0.0146328	-0.0272875	-0.0766234	0.0593858	0.0385351
626_627	1	46	0.0115056	-0.0344636	-0.029924	0.00831709	0.0239705	0.00819592
594_595	1	74	0.00420667	-0.00807902	0.00204977	-0.0316161	0.0358685	-0.017439
627_628	1	69	-0.015776	-0.0226217	0.033215	-0.00969487	0.0504219	0.0091472500000000009
655_656	0	60	-0.00448583	0.0306699	0.00626532	0.0166277	-0.0109237	0.0267748
52_52	1	52	0.00424263	0.00642393	-0.0281743	-0.00432146	-0.0380519	0.00900182
385_386	1	47	-0.00653402	0.00400186	-0.00127307	-0.00488909	0.00489774	0.00852137
659_660	1	20	0.00321163	-0.0345799	0.00650933	-0.0306388	-0.00752322	-0.02938
353_354	1	71	-0.0127534	0.0337419	0.016209	-0.00286983	-0.00648311	-0.0214309
654_655	0	59	-0.0170378	0.0220357	0.00918544	0.0199668	-0.00925659	-0.0530595
657_658	0	68	-0.0223798	0.00569393	0.0337763	-0.0528549	0.0335851	0.0255386
351_352	1	77	0.00361006	0.0133986	-0.0217926	0.00361346	0.0104041	-0.0213292
653_654	0	86	0.0132146	-0.00791402	0.00476043	-0.0172023	0.0262345	-0.00301512
354_355	0	23	0.00243964	-0.00914992	-0.0156328	0.0639873	-0.00248391	0.00321853
386_387	0	80	0.0158292	0.286726	-0.137258	0.0597385	0.229363	-0.164418
658_659	1	42	-0.0132673	0.0411323	0.0218201	-0.001717	0.00424493	0.0196001
346_347	0	61	-0.00258055	-0.0138245	-0.0163669	0.00796734	-0.03468	-0.00379695
350_351	1	52	0.00374156	0.166662	0.00848153	0.0442373	0.0964224	-0.00639987
41_41	0	77	-0.016285	0.026987	0.023999	0.0140053	-0.0375682	0.0198263
465_466	0	59	-0.00998989	0.0120365	-0.00921655	-0.00899739	0.0331452	-0.00735326
113_113	0	67	-0.011668	-0.0400375	0.00417553	0.00391587	0.0398114	-0.00598793
349_350	0	51	-1.55635e-5	0.00332538	-0.0243892	-0.00656262	-0.0116692	0.0235681
632_633	0	70	-0.00925713	0.0055188	-0.0163105	-0.0379408	-0.0354148	0.0249376
39_39	1	42	-0.0207996	-0.00268133	0.0249377	-0.0258606	0.0232855	-0.0231525
660_661	1	40	0.00355484	-0.00949976	-0.00175413	0.012484	-0.039198	0.016883
43_43	1	46	0.010504	0.0219526	-0.00970548	-0.0446495	-0.0115415	-0.00513554
597_598	0	52	0.00234686	-0.0151673	-0.0331142	-0.0204206	-0.025913	-0.00895108
352_353	1	58	0.00246115	-0.00698797	0.0302524	0.0495694	-0.0114937	-0.0158983
633_634	1	57	0.0223367	6.84751e-4	-0.0355047	0.0324206	-0.0251889	0.0324945
596_597	1	44	0.00532053	-0.00710574	0.019869	-0.00488542	0.0486866	0.0564333
42_42	1	59	-0.00377763	0.00334485	-0.0260475	-0.0265155	-5.2198e-4	0.0336827
40_40	1	72	0.002506	0.00249057	-0.0164544	0.0358978	-0.0011144	0.0176933
75_75	1	73	0.00187332	0.0210528	-6.22209e-4	-0.00426249	-0.00600648	0.0340286
57_57	0	32	-0.00850458	-0.0128503	-0.0180553	0.0449125	-0.0244408	0.00706454
93_93	0	60	-0.0205177	-0.00535479	0.0174755	-0.0209764	-0.0238732	-0.0446656
47_47	1	19	-0.0145799	-0.028644	-0.0230554	-0.0315043	0.0157516	-0.00510821
58_58	0	19	0.0269808	-0.0195851	0.0113292	-0.0226463	0.0152729	0.00142285
49_49	0	84	-0.0190973	-0.0193703	3.57422e-4	0.0240869	0.0360338	-0.00349341
90_90	1	75	-0.0120393	0.0088622	0.00234199	-3.78136e-4	-0.00608501	-0.0236496
53_53	1	32	0.0120033	-0.0102384	0.0569264	0.008247	0.00113154	0.00471515
50_50	0	64	-0.0162588	-0.0147233	0.028811	-0.00682182	-0.0331683	0.00257601
92_92	0	71	-0.012329	0.0219201	-0.00664407	0.00631744	-0.0384697	-0.0260888
91_91	0	53	0.0162776	0.010169	0.00166561	0.0101477	0.00687822	-0.0093179
48_48	1	86	-0.00876898	-0.0144064	-0.0152891	-0.0296725	0.00770308	-0.004005
51_51	1	60	-0.00930737	0.00845854	-0.012788	0.00832098	0.012878	0.0199442
89_89	0	66	-0.00683386	0.00803347	-0.0261894	-0.0107984	-0.0108399	-0.00854532
60_60	1	35	-0.00900494	0.0231341	0.00384323	-0.0334865	0.0329731	0.0464386
54_54	1	66	0.0510485	0.0113716	-0.055142	-0.0646133	0.0255032	0.0708338
56_56	1	36	-0.00271388	0.0106972	-0.00338971	0.00168874	-0.0192627	0.0191856
97_97	0	59	-0.00765775	0.00946774	0.00772629	0.00347547	-0.00490319	-0.0158327
55_55	1	71	-0.0137638	-0.0050089	0.00215254	-0.0263938	0.0270908	-0.0245883
63_63	1	44	-0.0167748	-0.030055	0.0114806	0.00353875	-0.0045238	0.0179864
286_287	0	44	-0.00690461	0.00231975	-0.005509	-0.0345367	0.0246268	-0.0485492
64_64	0	46	0.0118275	0.0348942	0.0189154	-1.40641e-4	0.0111869	0.0300036
276_277	1	65	0.0011373	-0.00550155	-0.0362944	0.00697034	-0.0167783	-0.0727829
1077_1078	0	61	-0.0010449	0.00847497	-4.42789e-4	0.054264	0.0321802	-0.0172666
61_61	0	25	0.0171662	-3.31078e-4	-0.0149827	0.0206156	-0.0177471	-0.00153913
95_95	0	69	0.0020709	-0.0138111	-0.00247049	-0.0214099	0.00474065	0.0328828
96_96	0	64	-0.00570048	0.0160713	0.00126098	-0.0138656	-0.00238289	0.0177098
287_288	1	79	-0.0189348	0.00416955	0.0199217	-0.0229705	0.0053457	0.00567364
86_86	0	43	-0.00288609	-0.0238483	0.0474627	0.0409178	0.0268095	-0.0189759
71_71	1	86	-0.027369	0.00860769	-0.00779049	-0.032747	0.010183	-0.0282093
88_88	0	78	-0.00865392	-0.00178844	0.0133584	-0.00502787	0.0457671	-0.0249538
163_163	1	56	-0.0253837	-0.0185683	-0.0180368	-0.0201034	0.00528329	-0.0346014
72_72	0	77	-0.00675434	0.0128395	0.0321244	0.020882	0.00221464	-0.0168151
84_84	0	57	-0.00564993	-0.0413263	0.0190981	0.00436654	-0.00752954	0.00622861
1081_1082	0	73	0.00982543	0.0281356	-0.0359174	-0.0126564	-0.0154831	0.0166941
85_85	0	70	0.0145374	-0.013879	-0.00163182	-0.0115881	0.00377721	0.039609
1080_1081	1	71	0.0244849	-6.90019e-5	-0.0345264	-0.0194478	0.0114861	0.0434114
1079_1080	1	77	-0.00238785	-0.00661324	0.0245394	0.0479183	1.27648e-4	0.0130073
1078_1079	0	65	-0.0116547	-0.00874196	-0.0213113	-0.0138335	0.00238276	-0.00299596
87_87	0	63	0.0115636	0.00664986	-0.02798	0.0179574	-0.0211969	0.0106071
70_70	0	50	0.0148212	-0.00179236	-0.00296796	-0.0273393	-0.0284974	-0.0246822
170_171	1	43	0.0518711	0.021438	-0.0591561	-0.0138213	0.0171147	0.0324103
169_170	0	20	-0.00406728	0.00516444	0.00243816	0.00357581	-0.00967691	-0.00296782
155_155	0	56	-0.0210901	-0.0158878	0.0186566	-0.00933288	-0.0400011	-0.0314053
171_172	1	62	0.0122407	-0.0183927	0.0352809	-0.0083986	0.0297186	-0.0281394
164_165	1	41	0.045474	-0.0135713	0.0104129	-0.00390027	0.0189616	-0.0305958
173_174	0	68	-0.00483433	-0.027835	0.01311	-0.0203626	-0.00895707	-0.0118095
167_168	1	58	-0.0157949	-0.0183217	0.0010654	-0.0133892	-0.0266864	-0.0224354
168_169	0	79	0.0193549	-0.004044	-0.0320944	-0.0233538	-0.00981804	0.0120158
154_154	0	67	0.04666	0.0326763	-0.0436514	-0.0307687	0.0262586	0.0644613
172_173	1	23	0.0382498	0.068843	-0.0384999	0.00406622	0.0135295	-0.0309997
166_167	1	34	0.0134897	0.0253521	0.00154637	-0.019196	-0.0299673	0.0339362
165_166	1	61	-0.0482307	-0.019158	0.0285292	0.0167085	-0.0197561	-0.0136554
175_176	1	49	-0.00496274	-0.0110255	-0.0151583	-0.0151489	0.0200824	-0.0349722
156_156	1	73	-0.0188597	-0.0219322	-0.0049804	0.0102121	0.0637106	-0.0121344
28_28	1	74	-0.00482064	0.0246535	-0.0133259	-0.0313469	-0.0321278	0.0145624
134_134	1	73	-7.80338e-4	-1.52829e-4	0.00378243	0.0398223	-0.00244219	-0.00991284
142_142	1	67	-0.0115184	-0.0281459	-0.0317594	-0.0217931	-0.00572556	0.0350441
598_599	1	49	-0.0159155	0.00455223	-0.0336723	0.0074859	-0.0341612	-0.0600557
27_27	1	73	-0.0104659	-0.0028753	0.0287919	0.00541022	0.00316579	0.00330831
141_141	1	36	6.7401e-4	-0.00213201	-0.0204168	-0.0253492	4.90157e-4	-0.0138633
138_138	0	64	-0.00533922	-0.00615398	-0.00500633	0.0246074	0.0195068	0.0262096
137_137	1	87	-0.0254727	-0.0136321	-0.0154565	-0.00203289	0.032244	-0.00504517
46_46	0	68	-0.0137987	-0.0112677	0.0111131	0.00144693	0.00809532	-0.0536576
139_139	1	79	-0.00156894	-0.00501913	-0.00939681	0.00940112	-0.0040944	-0.0235217
140_140	0	60	-0.00831692	-0.0093334	-0.0028276	0.0119719	-0.0183848	-0.00883206
25_25	0	64	0.00223323	0.00416216	0.0117502	0.00109149	-9.71475e-4	-0.0182162
723_724	1	69	-0.00148936	-0.0155233	-0.0295402	-0.0265397	-0.0076659	0.00700496
978_979	1	71	0.00278227	0.00365445	-0.0753336	-0.0284799	-0.04406	0.0339438
977_978	1	70	-0.0139898	-0.0393035	-0.00399633	0.0141907	-0.014534	0.0224933
974_975	0	74	-0.0320402	-0.00527087	0.0432336	-0.0728363	0.081839	-0.0352283
724_725	1	65	-0.0203398	0.00361353	-0.0121718	-0.00643152	-0.00309488	0.0300343
972_973	1	81	0.0210146	-0.00608007	-0.00919646	-0.0363296	-0.00953621	0.0302964
976_977	1	67	0.030799	-0.00580044	-0.0128978	0.0154817	0.0206723	0.00143658
969_970	1	59	-0.00989902	0.00745728	0.0176858	-0.00613962	9.52352e-4	0.0151747
973_974	0	79	-0.0113014	-0.0200021	-0.0156666	-0.0247348	-0.017638	0.0241802
975_976	0	75	0.0436644	-0.0251412	0.0159444	3.0472e-4	0.0492483	-0.0174874
714_715	1	61	-0.0146355	0.00640973	0.0149157	-0.0200905	-0.0105299	-0.0109595
979_980	0	64	0.0489387	-0.0103939	-0.0303245	-0.022231	0.025526	0.0362724
725_726	0	57	-0.00673082	0.00834239	0.0128272	-0.0115797	-0.00178683	0.0214989
726_727	1	67	-0.00525942	-0.00575804	-0.0425641	-8.70054e-4	-0.0103517	-0.0125022
149_149	1	59	0.00409628	-0.0021671	-0.00943333	0.0128859	0.00258986	-0.0135188
177_178	0	19	0.00624627	0.0171948	-0.0189267	0.0290655	-0.00700533	0.0321065
148_148	0	62	-0.00428009	-0.0227361	0.00104415	-0.00146689	0.00237874	0.0183889
179_180	1	31	-0.00453033	-0.00876669	0.00802041	-0.00681714	0.00629424	-0.0358781
144_144	0	44	-0.00313307	-2.69298e-5	0.014121	-0.0224314	0.0179519	0.00421387
150_150	1	31	-0.0091695	0.00293634	0.0114159	-0.0102685	0.0231491	0.00166847
145_145	0	87	1.26616e-4	-0.015826	-0.0417249	0.0154704	-0.00402534	0.0376774
147_147	1	54	-0.0115434	-0.00486807	0.0106677	0.00180451	-0.0489355	-0.00425486
178_179	0	47	-0.0254764	-0.00257476	-0.0361355	0.00652741	-0.0333506	0.0022613
176_177	1	27	-0.031382	0.0111099	0.0654547	-0.0556933	0.0195134	0.0663443
153_153	1	46	-0.0275053	0.0238382	0.00677057	-0.0222769	0.0121609	-0.044098
152_152	0	68	0.0663585	-0.0258978	0.0263573	0.0156354	0.0329045	-0.015595
151_151	1	19	0.013247	-0.0288969	-0.00787701	9.12584e-4	0.0107668	0.0268351
146_146	0	63	0.0438081	-0.00150239	-0.0137538	0.00660444	-0.0198077	-0.0129501
81_81	1	62	-0.0133896	-0.0101249	0.00150948	-0.0305877	0.00540952	-0.0658199
77_77	0	40	3.81242e-4	-0.0204319	-0.0178082	-0.0187489	-0.00845917	-0.0586622
79_79	1	60	-0.0173226	-0.0193649	0.0125412	-0.0117652	-0.0149354	0.00402455
288_289	0	80	-0.00758772	0.0079085	-0.017419	0.00745969	0.01081	-0.020702
83_83	1	52	-0.00647518	-0.0263586	0.0087309	0.0194439	0.00883231	-0.0237308
76_76	0	73	0.0861939	-0.0190132	0.0303062	0.00647361	-0.0345826	-0.0097403
180_181	1	68	-0.0110286	0.00480101	0.0493868	-0.00532395	0.0366145	0.0253284
78_78	0	38	-0.0127705	-0.0114207	0.0141322	-0.015522	0.0459773	-0.0556923
289_290	1	29	-0.00522037	-0.00859703	-8.37925e-4	-0.0255804	0.0195621	-0.00861039
656_657	0	61	0.00586702	-0.0127525	-0.00590128	0.00455681	7.60133e-4	0.0180765
82_82	0	64	0.00376553	0.0100761	-0.0355895	-0.0404234	-0.00958267	0.0394024
355_356	1	27	0.0575016	-0.0305294	-0.00327337	0.00376795	-0.0142651	-0.0363833
45_45	0	71	-0.0316892	-0.0175271	-0.019898	-0.018129	-0.0295465	-0.0484988
181_182	1	66	-0.0193379	0.0044969	-0.0126668	0.013421	-0.0219841	-0.00787836
281_282	1	53	0.00202719	-0.0266572	-0.0242623	0.00166473	-0.00901221	-0.010097
278_279	0	45	-0.0128868	-0.00234832	0.00173697	0.0466076	0.00206657	-8.4353e-4
65_65	0	58	-0.011593	0.00630491	0.0300087	-0.0152604	-0.0198486	-0.012937
280_281	1	25	-0.00183215	-0.00123375	-0.0326048	-0.00630847	0.00318239	0.0415655
283_284	0	47	-0.00543301	0.0103893	-0.0103652	-0.0139892	0.0206796	0.0474786
69_69	1	66	0.0227795	-0.0145152	-0.0110408	-0.0205189	0.0245118	0.0178265
68_68	0	73	-0.00192048	0.018094	0.00409281	0.0568976	-0.040498	-0.00135804
282_283	0	40	-0.00617122	-0.00972668	0.0104451	0.0604564	-0.044267	0.014543
284_285	0	30	0.0179473	-0.0177869	0.016682	-0.0120079	0.00754174	-2.12454e-4
279_280	1	73	-0.00468906	0.00152185	0.00759224	-0.0356967	0.0210313	-0.00495197
290_291	1	53	-0.00641898	0.00921327	0.0382359	0.0139548	0.0470238	0.0316367
66_66	1	66	-0.0162699	-6.91312e-4	-0.010422	0.00443387	-0.0193432	-0.0686918
44_44	0	60	-0.0143838	-0.0289311	0.0104826	0.0677078	-0.0391132	0.00924915
127_127	1	85	9.4271e-4	0.0104013	-0.0219685	-0.0180645	0.0132016	0.0314323
121_121	0	71	-0.0240902	-0.0108632	0.0218965	0.0146719	-0.00562701	-0.0317981
120_120	0	46	-0.00346059	-0.0165676	-0.0232275	9.70003e-5	-0.0459091	0.0301655
126_126	0	65	-0.0127236	-0.0199154	-0.00723851	-0.00873084	-0.00731984	-0.0279488
130_130	0	72	-0.0230414	-0.0269393	0.0515567	-0.0107952	0.00722609	0.055358
129_129	0	35	-0.00706244	0.0125323	-0.0186433	-0.00185436	0.00419	0.0166717
119_119	0	38	-0.0213246	-0.00718573	0.0215812	-0.00771293	0.0128984	-0.0368589
125_125	1	74	-0.024708	0.113299	0.0265791	0.0372494	0.0411213	-0.0446596
133_133	0	62	0.00426418	0.004437	0.0131108	0.0105552	-0.024966	0.0466954
128_128	0	37	-0.0125062	-0.00714673	0.00450139	0.017087	-0.0120903	0.00204095
132_132	1	62	0.0247859	-0.0152394	-0.0429673	0.0111161	-0.011836	-0.0256104
122_122	1	67	0.0250231	0.00324933	-0.0396101	0.00971694	-0.00220306	0.015012
123_123	0	50	0.0359407	0.0171359	0.00601473	-0.0203029	-0.0291695	-0.0224398
131_131	1	67	0.00420369	0.0107815	1.51886e-4	0.0112768	-0.0296255	0.0327785
185_186	0	62	-0.00617152	0.0138429	-0.0304368	-4.22874e-4	-0.00939303	-0.00776371
29_29	1	69	-0.0110768	0.00769628	0.0262851	-0.0254546	-0.0130982	0.00756104
188_189	0	46	-0.0209343	0.0524765	-0.0384736	-0.0091557	0.0141583	-0.0446921
189_190	1	68	0.0143479	-0.0020424	-0.0213838	0.0373563	-0.0103928	0.0735682
33_33	1	73	-0.00849139	-0.0406786	0.0421481	0.174163	0.0160912	0.0163307
186_187	1	28	-0.00979767	0.0299732	0.00278449	-0.0210551	0.00784147	-0.0184659
1_1	1	65	-0.00499997	0.0208587	0.011691	-0.0130061	-0.0834671	0.00426382
187_188	0	26	0.00435986	-0.00228504	-0.00621931	-0.0376042	-0.0274968	-0.0148347
2_2	1	48	-0.016693	-0.0107433	-0.00817758	-0.00936326	0.00324232	0.0249271
30_30	0	37	-0.00582574	0.00655675	0.00879523	0.00316829	-0.00993947	0.00975515
35_35	1	69	-0.0172844	0.00720478	0.0371798	0.0719381	-0.00728125	-0.00498084
36_36	0	66	-0.0012297	-0.0171811	-0.0356893	4.34513e-4	-0.0340857	-0.0314272
37_37	1	47	0.00167194	0.0112636	0.00223841	0.00457993	-0.0194229	0.0213571
38_38	0	79	0.00280325	3.86997e-4	0.0141437	-0.0168647	0.00306674	0.0277354
183_184	1	65	-0.0261289	0.0037358	0.0241437	0.0590644	-0.0233378	0.00922658
191_192	1	55	-0.0101833	-0.00463759	0.00481059	-0.00459945	0.0176329	0.00199605
184_185	0	83	-0.00714207	0.0400498	0.0349355	-0.00441536	-0.0237075	0.0105696
161_161	1	33	0.00628569	-0.0116869	-0.018894	-0.00821288	0.00988582	-0.00322996
190_191	0	61	-0.0365088	-0.0700603	0.0875097	-0.0673472	0.0856976	-0.00559759
159_159	0	63	-0.0105712	-0.0226814	0.00441391	0.010328	-0.0154199	-0.0331052
160_160	1	60	-0.00998713	-0.0194071	0.028934	-0.0056943	-0.0282812	-0.00169388
4_4	1	48	-0.0205657	-0.0133144	0.0368964	0.133753	-0.0211558	-0.0175623
158_158	0	59	-0.0125505	-0.0371735	0.0102631	0.0654394	0.0360068	0.0160647
3_3	1	53	0.0094481	0.00205806	-0.020303	0.0293541	-0.0213331	0.0397963
182_183	0	70	-0.00450278	0.0149263	-0.0269357	0.010281	-0.015565	-0.00369859
124_124	1	71	-0.0250265	-0.020448	-0.00673163	0.0122706	-0.0015327	-0.0209943
248_249	0	69	0.00289987	-0.0111301	-0.00373989	-0.00151112	-0.00738597	0.0348115
243_244	1	59	-0.00417125	0.00978427	-0.0105456	0.0345878	9.8226e-4	-0.0130185
245_246	1	58	0.0186189	0.0222834	-0.00799269	0.0454443	-0.0350625	0.0530415
244_245	1	79	0.0309181	0.041202	-0.0262426	-0.022313	0.00637708	-0.0293816
6_6	1	79	-0.0383802	0.0124799	0.0443017	-0.0374922	-0.0040854	0.123334
247_248	0	77	-0.011956	-0.020697	-0.0138769	-0.00992295	0.0401213	0.0134434
8_8	0	71	0.0154049	-0.00302259	0.00513631	0.0306388	-0.00214085	3.52628e-4
252_253	0	29	-0.0199101	-0.0107541	0.0151904	0.00112231	-0.0379164	0.0115753
255_256	1	54	-0.0147822	-0.0147679	0.0488445	-0.0123781	0.0228745	0.00164318
7_7	1	74	0.0146539	0.0244115	0.0108914	0.0280777	0.0209113	-0.0183181
250_251	0	63	-0.017995	-0.0310069	-0.0182912	-0.00844014	-0.0217754	-0.00605183
251_252	0	35	-0.00340808	-0.00787108	-0.00883634	-0.0166053	0.0441144	0.0126419
242_243	1	82	-0.0105927	-0.0119072	0.0164821	0.0157546	0.0234795	0.0447658
9_9	1	32	-0.0132332	0.0124939	-4.27171e-4	-0.00481005	0.00810232	-0.00554385
226_227	1	77	1.48339e-5	0.0178031	-0.00982375	-0.0144359	0.0189963	0.00467738
233_234	1	67	-0.0167946	0.0378816	-0.0103752	-0.0356396	-0.0339336	-0.0335667
11_11	0	81	-0.0361393	-0.0350199	0.0334522	-0.050362	0.0605283	-0.0283392
232_233	0	24	-0.0197579	-8.12186e-4	0.0193778	0.00411845	0.00417436	-0.0253091
236_237	0	51	0.0462693	-0.0136937	-0.0158153	0.00107514	-0.0209025	0.00106006
225_226	0	32	-0.00855209	-0.0306288	-0.0360312	0.0170122	-0.0901627	-0.00759878
229_230	0	27	0.0289748	0.00119428	0.00750436	-0.0403152	-0.0199176	0.0319146
231_232	1	40	-0.0287389	-0.0123323	0.0757595	-0.0483643	0.0335868	2.41492e-4
223_224	0	71	-0.016556	0.0154072	-5.98003e-4	-0.0159165	-0.0454178	0.0066736
230_231	1	60	0.0262271	-0.0325858	0.0134155	-0.0392605	0.0478473	-0.00451883
224_225	0	85	-0.0139171	-0.0201873	0.0206723	0.0444085	-0.00960262	-0.0124891
10_10	1	78	0.015867	0.156202	-0.0276024	0.0354359	0.0480716	-0.0268603
213_214	0	86	-0.00231434	-0.0319089	0.0079875	0.0382535	-0.0296693	0.00500563
246_247	1	28	0.0165062	-4.09785e-4	-0.012474	-0.0156137	-0.00125895	-0.011611
208_209	1	72	-0.0105474	0.0331723	-0.01043	-0.0127323	-0.0419392	-1.42117e-4
238_239	1	39	-0.003137	-0.0144455	0.00735436	0.0117323	-0.00341042	0.0173068
211_212	1	53	0.0250458	0.0283252	-0.0384362	7.41372e-4	0.0234609	0.0686356
209_210	0	93	0.0791567	0.026823	-0.0813018	-0.0615669	0.0129325	0.092013
212_213	1	93	-0.00929331	-0.014558	-0.0296551	0.0380837	-0.0390397	-0.0142312
207_208	0	39	-0.0131009	-0.00727478	-0.0294027	0.0213405	0.0246148	-0.011959
239_240	0	39	0.0101461	-0.00999631	-0.00563049	0.0159463	0.0111317	0.0014284
214_215	1	69	-0.0155011	0.0180073	-0.0163399	-0.00878195	-0.0183383	0.0104759
206_207	1	63	-0.00694718	0.13356	0.0675057	0.13999	0.0563272	0.216597
237_238	0	25	-0.00746179	-0.0148552	0.0297742	-8.76162e-4	0.00835304	-0.0244864
813_814	1	81	-0.0173068	-0.00120211	-0.0188759	-0.0358497	-0.00394685	-0.0164078
981_982	0	73	0.0465561	0.0115722	0.0126262	-0.0179907	-0.0375496	-0.0261323
734_735	0	83	-0.0115919	-0.00597862	-0.0286882	-0.0021978	5.66694e-4	-0.0127797
816_817	1	65	-0.00610231	-0.0309217	0.00708728	-0.00996111	0.0196417	0.00658799
838_839	1	70	7.07495e-4	0.0778523	0.0427367	0.0781143	0.00733035	0.166062
980_981	1	71	0.0471925	0.0181574	-0.033783	-0.0161593	0.00954251	0.0474596
732_733	1	89	0.00611904	-0.00552442	-0.0134046	0.0150153	-0.0436275	-0.0452087
982_983	1	72	-0.00836383	0.00293264	-0.0106272	0.0190937	-0.0343873	0.0252551
819_820	1	67	-0.033999	-0.0212092	0.0261946	-0.00563762	-2.66812e-4	-0.0295581
735_736	1	77	-0.0226079	0.00854235	-0.00636513	0.0216423	-7.09538e-4	0.0200091
731_732	1	83	0.00440703	-0.00170688	-0.0142841	0.0280506	-0.0361603	-0.00300422
727_728	1	77	-0.0208103	0.0136808	0.0166871	0.00560901	-0.0427311	0.0191425
210_211	0	46	0.0525189	-0.0047955	0.00259452	0.0358449	-0.00241176	-0.0354084
13_13	1	50	-0.00266268	0.00561835	-0.0135917	-0.0185704	-0.0352915	0.03093
222_223	1	48	0.0162194	-0.0204237	0.026874	0.0337977	-0.029109	0.00889828
217_218	1	73	-0.0158119	0.0107058	-0.0129856	0.0127235	-0.0192282	-0.0305988
215_216	1	60	0.0056226	-0.0157362	-0.0100099	0.0157759	-0.0132424	-0.00520535
219_220	0	67	-0.0392192	-0.0522641	0.049123	-0.0119501	0.0780569	-0.0169588
221_222	0	84	-0.0049619	0.00211771	0.0295389	-0.0109142	-0.0308522	-0.0352998
12_12	1	52	-0.00431118	-0.0183629	-0.00331258	-0.00238053	-0.0292473	0.0135832
220_221	1	66	-0.018939	0.0639614	0.0349376	0.0230204	-0.0308679	0.0381945
15_15	1	67	-0.0146706	0.00591615	-0.0073965	-0.0208736	-0.0107904	-0.0141243
16_16	1	45	-0.0258535	-0.0489405	-0.0320466	0.231079	-0.00732047	0.0248333
17_17	0	70	-0.00907759	0.0111763	0.00141482	-0.0131107	-0.00205964	-0.017803
257_258	1	68	-0.0358238	-0.0448021	0.0383747	-0.0461438	0.0271784	-0.0148703
19_19	1	74	-0.0175061	0.0325213	0.0414043	0.0703556	0.0314993	0.0363439
259_260	1	45	-0.0221587	-0.00306339	0.025096	0.0112373	0.0115052	-0.0158259
256_257	0	52	0.0108792	-0.022826	-0.0103322	-0.0294739	0.0111834	-0.0171745
18_18	1	80	-0.0286422	0.216914	0.110319	-0.0506467	-0.239508	0.00311687
23_23	0	42	-0.0139545	0.0239699	0.00837577	-8.95416e-4	0.0197819	0.0176326
262_263	1	66	0.00541647	-0.0392254	-0.014505	0.00332093	-0.0025605	-0.0135794
258_259	0	68	0.061278	-0.00203362	0.0199803	0.0133001	0.00839332	-0.0179817
260_261	0	76	-0.015012	-0.0113942	0.0216239	0.0137483	0.0257959	0.00931728
272_273	1	54	-0.00448345	0.00175335	-0.00897851	0.00475649	-0.00661955	0.0260106
271_272	1	20	-0.00177805	-0.0196102	-7.52857e-5	-0.0262448	0.0287717	0.0254303
274_275	0	66	-0.0278225	-0.0114045	0.00726155	0.0327157	0.0444225	-0.00376121
263_264	0	77	0.00812257	2.11465e-4	-0.0132132	-0.0174135	-0.0103495	0.0320189
267_268	1	61	-0.0206223	0.0145684	0.0876997	0.0540487	-0.00422131	-0.00667704
266_267	0	49	0.00980517	-0.0100477	0.00956857	0.00945179	0.0313774	-0.0131264
264_265	0	59	-0.0199519	-0.0271753	0.01006	-0.0076181	0.0516159	-0.008349
270_271	1	64	-0.00933273	-0.00790388	0.00702141	0.0128457	-0.0192792	-0.0233567
275_276	0	31	8.24514e-4	0.00315193	-0.0261768	-0.0224788	-0.0137747	-0.00461728
273_274	1	63	0.00686961	-0.00519595	0.0207587	0.055499	-0.0077817	0.0123687
269_270	0	76	-0.0657553	0.0831848	0.236786	-0.116525	0.0306686	-0.0250126
24_24	0	77	-0.00816449	-0.0150299	-0.0339484	-5.63055e-4	-0.0234829	-0.0117382
934_935	1	76	-0.00732994	-0.0151333	-0.0312855	0.0160915	0.00164528	0.0130938
927_928	1	66	0.0368648	0.0390599	-0.0455107	-0.0364942	0.0360944	0.0419379
933_934	0	48	-0.00797525	0.00707283	0.0454117	0.0184702	0.0166301	0.0350031
935_936	0	71	0.00965949	0.0244356	0.00371736	0.0139217	-0.0661018	0.00624535
926_927	0	70	0.0159777	0.0266092	0.0088959	-0.00390368	0.0124099	-0.0195396
932_933	0	32	-0.00745721	-0.00478288	-0.00821613	0.00239313	-0.0107166	-0.015927
929_930	1	59	-0.00380943	-0.0287659	-0.0104824	0.0213022	0.0225166	0.0219987
930_931	1	43	-0.00769992	0.00895415	-0.0470958	-0.00451634	-0.0721216	-0.0145981
937_938	1	48	-0.0160027	-0.00106749	0.0204987	-0.0561497	0.0994372	-0.0095094
938_939	0	62	-0.0210378	-3.06255e-4	0.00346914	0.0210248	-0.0029366	-0.00716155
944_945	1	40	-0.0132753	0.00817734	-0.0330191	0.0204483	0.0169592	0.018709
939_940	0	72	0.00273707	-0.00210818	0.0299573	-0.0155684	-0.0635971	-0.0223061
946_947	1	42	-0.0154146	-0.0188458	8.85274e-4	3.04746e-5	-0.0153769	-0.00596485
943_944	0	77	0.00799276	-0.0259245	0.0151845	-0.0089063	0.0121808	-0.00273448
947_948	0	29	-0.0115627	-0.0127732	-0.0238349	0.00348265	0.00962518	0.00631571
940_941	0	71	0.00500055	0.126096	0.0432973	0.0842861	0.137557	0.116623
949_950	0	31	-0.0107037	-0.00590871	-0.00941744	-0.0558746	-0.00632586	0.0374401
945_946	0	30	-0.0010364	-0.0126008	0.0386281	-0.0460827	0.0125583	-0.0360304
950_951	0	66	-0.0106107	-0.0228142	-0.00988392	-0.0163234	-0.0120892	-0.0105748
941_942	1	68	-1.7787e-4	-0.0264395	0.00719286	0.0160087	0.00939611	-0.019759
942_943	1	64	-0.00810412	-3.20831e-4	-0.0195564	-0.00906999	0.0198935	0.0115654
960_961	1	73	-0.0342297	0.202134	-0.0388254	0.0489396	0.0580622	-0.0832527
962_963	0	57	-0.0167949	-0.0100446	0.00793676	-0.00223887	-0.0051131	-0.0290214
955_956	0	44	-0.0143883	0.01316	-0.0279469	-0.00603052	-0.029771	-0.00466538
961_962	1	62	-0.0229787	-0.019193	-0.0162155	-0.00674931	-0.0357963	-0.0167459
951_952	1	20	-0.029048	-0.0109766	0.0104533	2.9759e-5	-1.51501e-4	0.0326052
957_958	0	27	-0.00489574	-0.0159986	0.00452818	0.0376845	-0.0142534	0.00611238
952_953	0	73	-0.0198703	-0.00386309	0.00369101	0.010288	0.0796722	-0.00300865
953_954	0	65	0.00282312	-0.0326486	-0.00283012	-0.0259308	0.0037701	0.0271268
959_960	1	19	-0.00192836	0.00345624	-0.0108865	0.0128254	-0.0230782	0.0184815
956_957	0	45	-0.0317834	0.0133801	0.0110571	-0.0384029	-0.0201911	-0.0292423
954_955	0	31	-0.00605931	-0.00216141	-0.0184254	-0.00452166	-0.028016	-0.0305552
958_959	1	78	-0.0292514	0.319253	-0.0390646	0.0578462	0.086959	-0.107509
476_477	0	53	-0.0230092	-0.0202177	-0.002808	-0.0199516	0.0262101	-0.0241135
475_476	0	36	-0.00158905	0.013462	0.0326676	-0.0200465	-0.0065503	0.00997125
520_521	0	69	0.00776467	0.00812337	-0.0255413	-0.0312532	-0.0137717	-0.00882801
384_385	0	61	0.0260351	0.0298443	-0.02955	1.63001e-5	0.0153221	-0.01481
557_558	1	64	-0.0276611	0.00231903	0.0482373	0.00406811	-0.0364295	0.0471813
564_565	0	80	-0.00881935	-7.77632e-4	0.0180814	0.0123551	0.0209913	-0.0182004
560_561	0	72	-0.0174799	-0.0162354	-0.0124689	-0.0201825	-0.0433622	-0.0103351
477_478	1	53	-0.00205132	0.188437	0.139761	-0.0311115	-0.186526	0.0512346
491_492	0	41	-0.0095003	0.0115491	0.012268	-0.0183904	-0.0193265	0.00488182
565_566	0	57	-0.0178445	-0.0211101	0.0164261	0.0013009	0.0294908	0.0149406
500_501	0	59	-0.0014785	-0.0328403	0.0305116	0.0198333	0.0489027	0.0185607
522_523	1	62	-0.00261458	-0.0156947	0.0258547	-0.0348205	0.0062424	0.00629367
519_520	1	75	-0.0168564	0.005402	-0.0118598	-0.00674708	0.0324637	-0.00168116
501_502	1	64	-0.0145576	-0.0323501	-0.0423893	-0.0210323	0.0123587	0.0454583
241_242	1	79	0.00173634	0.018004	-0.0340283	0.0136699	-0.0334192	-0.0101872
192_193	1	58	-0.00734751	-0.0611504	0.0276645	0.0124963	-0.0034468	0.0302064
203_204	0	59	0.0118198	-0.0440537	0.0137284	-0.0117885	0.0016914	-0.00811479
198_199	1	27	-0.00379847	0.0453039	-0.0383435	0.00775308	-0.0480314	-0.0332495
240_241	1	68	0.00350583	-0.0201511	-0.00765498	-0.00105908	0.00851178	-0.0128615
196_197	0	72	-0.00340011	-0.0185211	-0.0368757	-0.00854723	0.00203447	0.00828474
197_198	0	60	-0.0165118	-0.0071057	-2.42257e-5	-0.0305149	-0.00203601	0.00184947
204_205	0	60	-0.0243634	0.00474388	-0.0112865	0.0106098	-0.0145936	0.0129099
194_195	1	46	0.00344538	-0.0147438	0.0154458	-0.0283711	0.00122027	0.0116938
202_203	1	49	0.00124283	-0.0064159	-0.0204622	-0.0229786	-0.0268886	0.0115499
201_202	0	39	-0.00193286	0.0116977	-0.0028815	0.00536208	0.0122371	0.040966
200_201	0	53	-0.0328137	-0.0257276	0.0323948	-0.0332912	0.00680873	2.11592e-4
199_200	1	63	0.0558671	0.0281692	-0.0770332	-0.0680447	-0.00466582	0.0801607
193_194	1	63	0.00493097	0.0222022	-0.00826586	-0.0117653	-0.0308932	-0.0114407
729_730	0	46	-0.0197603	0.0126872	-0.0116787	0.00821085	-0.00915175	-0.0221495
744_745	0	63	-0.00473724	-0.018207	-0.00650608	-0.0026254	0.0471009	-0.0193638
742_743	1	32	-0.0140543	-0.0323455	-0.0550739	-0.0306038	-0.023393	-0.0706509
745_746	0	72	-0.00683582	-0.0156102	0.0166558	0.0222387	-0.0200094	-0.0179895
839_840	1	72	-0.00414171	0.0360068	-0.0230141	0.0170669	-0.00943584	-0.0157044
983_984	1	62	-0.00659043	0.00553016	0.0223269	0.0280988	0.0201473	-0.00270654
730_731	0	71	0.0417645	0.01547	-0.0593854	-3.05489e-4	-0.0195411	0.0449839
748_749	0	48	0.0128791	-0.0116115	-0.0458893	0.0186733	-0.0545081	-0.0362679
746_747	1	81	-0.0162572	0.00991223	-0.00510222	0.0138919	0.00864655	0.008295
747_748	1	48	3.24886e-4	0.00810823	-0.0341282	-0.00440424	-0.0256211	3.86098e-4
733_734	1	82	6.129e-4	0.0176434	0.00133278	0.00298569	0.0180134	0.0228369
818_819	0	89	0.0061773	-0.00498165	-0.0168819	-6.67064e-4	-0.0115689	0.00451349
984_985	1	60	0.0152451	-0.0275617	0.0101377	-0.0247038	0.00577222	0.0354924
749_750	1	79	-0.0124775	-0.0270384	0.0060534	-0.019866	0.0312891	-0.0579144
750_751	1	75	0.0063449	-0.0213443	0.00597215	-0.00971126	-0.00802513	0.0257526
800_801	1	37	0.00751245	-0.0256126	-0.0160501	-0.00934143	0.00742253	0.00447997
799_800	0	70	-0.00592954	-0.0142181	0.00109595	0.0367212	-0.0336463	0.0095993
795_796	1	73	-0.0192025	0.00422668	-0.0411131	0.0130461	-0.00773414	-0.00306639
814_815	1	79	0.0180263	0.00291927	-0.0261606	-0.00499988	2.37671e-4	-0.0126663
797_798	1	75	-0.00570742	-0.0109548	-0.00175589	-0.00687499	-0.00217091	0.00847174
815_816	0	72	-0.00646953	-0.00662969	-0.00566909	-0.0153912	0.0270812	-0.0151298
794_795	0	39	0.0328326	0.0103941	0.054885	0.0237767	-0.0135364	-0.0571063
821_822	0	90	0.0181578	0.0081275	-0.0233296	0.00375446	-0.0678396	-0.0419273
796_797	0	64	-0.00997402	-0.0109963	-0.0140821	0.00284388	-0.0040412	-0.0378337
840_841	1	75	-0.0126575	-0.0210632	-0.0185552	-1.47386e-4	-0.00521303	-0.00872057
801_802	1	76	0.22277	0.0121681	0.0571305	0.0100549	-0.00311073	-0.0757722
798_799	0	60	-0.0254125	-0.00932868	0.013211	0.0530575	-0.00384145	0.00328999
822_823	1	86	-0.0207399	-0.0239893	0.0227349	0.0244277	0.00544534	0.00260769
